CardID,JP,KR
"S.C.H.A,L.E","S.C.H.A,L.E","S.C.H.A,L.E"
C-T-001,アロナ,아로나
C-T-001-T1,"[出撃・神秘開放]次の中から1つ選ぶ。
・カードを1枚引く。
・自分の保健室から、[EX-COMBO/アロナ]を持つカードを最大1枚選び、手札に戻す。",[출격・신비 해방] 카드를 1장 뽑는다.
C-T-065,プラナ,프라나
C-T-065-T1,"[出撃・神秘開放]次の中から1つ選ぶ。
・カードを1枚引く。
・自分の保健室から、[EX-COMBO/プラナ]を持つカードを最大1枚選び、手札に戻す。",[출격・신비 해방] 카드를 1장 뽑는다.
X-T-012,新しい生徒さんですよ,새로운 학생분이에요
X-T-012-T1,"自分の保健室から、<シッテムの箱>を最大1枚選び、手札に戻す。
[EX-COMBO/アロナ]自分のデッキをシャッフルした後、上から1枚を見る。その中から、生徒カード最大1枚を選び、コストを支払わずに出撃させる。
[EX-COMBO/プラナ]このカードで見るカードの枚数が、自分の『プラナ』のLvの合計だけ増える。","자신의 '아로나'가 필드에 있어야만 이 카드를 낼 수 있다.
[EX-COMBO / 아로나] 자신의 덱 맨 위의 카드를 본다. 그 카드가 학생 카드일 경우, 코스트를 지불하지 않고 출격시킨다. 학생 이외의 카드일 경우, 그 카드를 패로 가져온다."
X-T-013,お仕事を始める時間です,업무를 시작할 시간입니다
X-T-013-T1,"自分の保健室から、<シッテムの箱>を最大1枚選び、手札に戻す。
[EX-COMBO/プラナ]自分のデッキをシャッフルした後、上から1枚を見る。その中から、プレイ条件を満たしているEXスキルかシャーレカードコスト最大1枚を選び、コストを支払わずにプレイする。(このターン中にすでにシャーレをプレイしていても使用できる。)
[EX-COMBO/アロナ]このカードで見るカードの枚数が、自分の『アロナ』のLvの合計だけ増える。","자신의 '프라나'가 필드에 있어야만 이 카드를 낼 수 있다.
[EX-COMBO / 프라나] 자신의 덱 맨 위의 카드를 본다. 그 카드가 발동 조건을 충족한 EX 스킬 카드 또는 샬레 카드일 경우, 코스트를 지불하지 않고 발동한다. 발동할 수 없는 카드거나, EX스킬 또는 샬레 이외의 카드일 경우, 패로 가져온다. (이번 턴에 이미 샬레 카드를 발동했더라도 발동할 수 있다.)"
対策委員会,対策委員会,대책위원회
C-T-026,小鳥遊ホシノ,타카나시 호시노
C-T-026-T2,[永続]この生徒に+0/+Xする。Xの値は、自分の出撃している<アビドス>の人数とする。,[지속] 이 학생은 +0/+X를 얻는다. X는 필드에 있는 자신의 '아비도스' 학생 수다.
C-T-026-T3,[攻撃]攻撃先の生徒を疲労させる。,[공격] 이 학생에게 공격받은 학생은 피로 상태가 된다.
C-T-026-T4,[自動]他の<アビドス>が攻撃した時、攻撃先の生徒を疲労させる。,"[자동] 다른 '아비도스' 학생이 공격할 때, 공격받은 학생은 피로 상태가 된다."
C-T-026-T5,[お互いのエンドフェイズ]この生徒のHPをX回復する。Xの値は、この生徒のLv×2とする。,[서로의 엔드 페이즈] 이 학생의 HP를 X 회복한다. X는 이 학생의 Lv×2다.
C-T-028,十六夜ノノミ,이자요이 노노미
C-T-028-T1,[出撃・神秘解放]カードを1枚引く。,[출격・신비 해방] 카드를 1장 뽑는다.
C-T-028-T2,[自動]この生徒以外の自分の<アビドス>が出撃または神秘解放した時、カードを1枚引く。,"[자동] 이 학생 이외의 자신의 '아비도스' 학생이 출격 또는 신비 해방할 때, 카드를 1장 뽑는다."
C-T-028-T3,[攻撃・制圧]この生徒と同じエリアの相手のカードすべてにXダメージを与える。Xの値は、この生徒のLv×2とする。,[공격・제압] 이 학생과 같은 에어리어에 있는 상대의 모든 학생과 설치물에게 X 대미지를 준다. X는 이 학생의 Lv×2다.
C-T-027,砂狼シロコ,스나오오카미 시로코
C-T-027-T1,[自動]この生徒または自分の<アビドス>が攻撃された時、この生徒に+X/+0する。Xはこの生徒のLvとする。この修正は永続する。,"[자동] 이 학생 또는 자신의 다른 '아비도스' 학생이 공격받을 경우, 이 학생은 +X/+0을 얻는다. X는 이 학생의 Lv이다. 이렇게 얻은 능력치는 필드에 있는 동안 지속된다."
C-T-027-T2,[出撃・神秘解放]自分のデッキからEXスキルカードを最大1枚選び、手札に加える。,[출격・신비 해방] 자신의 덱에서 EX 스킬 카드 1장을 선택하여 패로 가져온다.
C-T-030,黒見セリカ,쿠로미 세리카
C-T-030-T1,[出撃・神秘解放]相手の保健室のカードを最大X枚まで選んで、持ち主のデッキに戻す。(1枚も戻さなくてもよい。)その後、このターンのエンドフェイズまで、この生徒に+X/+0する。Xの値は、自分の<アビドス>の人数とする。,"[출격・신비 해방] 상대의 보건실에서 카드를 최대 X장까지 선택해 소유자의 덱으로 되돌린다. 그 후, 턴 종료 시까지 이 학생은 +X/+0을 얻는다. X는 필드에 있는 자신의 '아비도스' 학생 수이다."
C-T-030-T2,[自動]自分がシャーレカードかEXスキルカードをプレイした時、このターンのエンドフェイズまで、この生徒に+2/+2する。,"[자동] 자신이 샬레 카드 또는 EX 스킬 카드를 낼 때마다, 이 학생은 턴 종료 시까지 +2/+2을 얻는다."
C-T-029,奥空アヤネ,오쿠소라 아야네
C-T-029-T2,[永続]自分の<アビドス>全員に+0/+Xする。Xの値は、自分の<アビドス>の人数とする。,[지속] 자신의 모든 '아비도스' 학생은 +0/+X를 얻는다. X는 필드에 있는 자신의 '아비도스' 학생 수다.
C-T-029-T3,[自分のエンドフェイズ]自分の、『小鳥遊ホシノ』『砂狼シロコ』『十六夜ノノミ』『黒見セリカ』『奥空アヤネ』がある場合、デッキからシャーレカード1枚を手札に加えてもよい。,"[자신의 엔드 페이즈] 자신의 [타카나시 호시노],[스나오오카미 시로코],  [이자요이 노노미], [쿠로미 세리카], [오쿠소라 아야네] 모두가 필드에 있다면, 덱에서 샬레 카드 1장을 패로 가져올 수 있다."
X-T-031,お仕置きの時間です〜♣,혼날 시간이에요~♣
X-T-031-T1,"相手のカード1つを選び、そのカードと同じエリアの相手のカードすべてに3ダメージを与える。
[EX-COMBO/十六夜ノノミ]このカードのコストは1になる。ダメージを与えた後、相手の保健室のカードを最大3枚まで選び、持ち主のデッキに戻し、シャッフルする。","상대의 학생 또는 설치물 1개를 선택한다. 그 카드와 같은 에어리어에 있는 상대의 모든 학생과 설치물에게 3 대미지를 준다.
[EX-COMBO / 이자요이 노노미]이 카드의 코스트가 1이 된다. 대미지를 준 후, 상대의 보건실에서 카드를 최대 3장까지 선택해 소유자의 덱으로 되돌린 뒤, 덱을 셔플한다."
X-T-030,邪魔よ！,걸리적거리잖아!
X-T-030-T1,"カードを1枚引く。
[EX-COMBO/黒見セリカ]このカードのコストは0になる。次の相手のターンのエンドフェイズまで、自分の<アビドス>全員は、相手のカード効果によって疲労しない。","카드 1장을 뽑는다.
[EX-COMBO / 쿠로미 세리카]이 카드의 코스트가 0이 된다. 상대의 다음 엔드 페이즈까지, 자신의 모든 '아비도스' 학생들은 상대의 효과에 의해선 피로 상태가 되지 않는다."
X-T-028,戦術的鎮圧,전술 진압
X-T-028-T1,"相手のカード1つを選び、そのカードと同じエリアの相手のカードすべてに3ダメージを与える。
[EX-COMBO/小鳥遊ホシノ]次の相手のターンのエンドフェイズまで、それらの生徒は全員、制圧できない。","상대의 학생 또는 설치물 1개를 선택한다. 그 카드와 같은 에어리어에 있는 상대의 모든 학생과 설치물에게 3 대미지를 준다.
[EX-COMBO / 타카나시 호시노] 다음 상대 턴 종료 시까지 그 에어리어의 학생들은 제압할 수 없다."
X-T-027,ドローン召喚：火力支援,드론 소환 : 화력 지원
X-T-027-T1,"相手のカード1つを選び、3ダメージを与える。
[EX-COMBO/砂狼シロコ]このカードのコストは0になる。ダメージを与えた後、カードを1枚引く。","상대의 학생 또는 설치물 1개를 선택한다. 그 대상에게 3 대미지를 준다.
[EX-COMBO / 스나오오카미 시로코] 이 카드의 코스트가 0이 된다. 대미지를 준 후, 카드를 1장 뽑는다."
X-T-029,支援特急便,특급송달: 전투지원품
X-T-029-T1,"自分の保健室から、生徒カード最大1枚を選んで手札に戻す。
[EX-COMBO/奥空アヤネ]自分の手札から、出撃コストが自分の現在の最大コスト以下の<アビドス>を最大1人選び、出撃または神秘解放させる。","자신의 보건실에서 학생을 최대 1명까지 패로 가져올 수 있다.
[EX-COMBO / 오쿠소라 아야네]자신의 패에서, 자신의 현재 코스트 최대치 이하의 출격 코스트를 가진 '아비도스' 학생 1명을 선택해, 출격 또는 신비 해방 시킬 수 있다."
セミナー,セミナー,세미나
C-T-024,早瀬ユウカ,하야세 유우카
C-T-024-T1,[出撃・神秘解放]手札から2枚選んでデッキの一番下に戻し、カードを3枚引く。その後、デッキをシャッフルする。,"[출격・신비 해방]  패에서 카드 2장을 덱으로 되돌리고, 카드를 3장 뽑는다. 그 후, 덱을 셔플한다."
C-T-024-T2,[永続]この生徒が受けるダメージをX軽減する。Xの値は、この生徒のLvとする。,[지속] 이 학생이 받는 모든 피해를 X 줄인다. X는 이 학생의 Lv이다.
C-T-024-T3,[永続]この生徒以外の自分の<ゲーム開発部>または<セミナー>がある場合、この生徒に+0/+1する。,"[지속] 자신의 필드에 이 학생 이외의 '세미나' 또는 '게임개발부'가 있다면, 이 학생은 +0/+1을 얻는다."
C-T-025,生塩ノア,우시오 노아
C-T-025-T1,[出撃・神秘解放]現在のコストが3以下で<セミナー>の生徒、またはコストが3以下の生徒を手札から最大1人選び、出撃させる。,"[출격・신비 해방] 패에서 현재 코스트가 3 코스트 이하인 '세미나' 학생, 또는 3 코스트 이하의 학생 1명을 최대 1명까지 선택해 출격시킨다."
C-T-025-T2,[自分のスタンバイフェイズ]カードを1枚引く。,[자신의 스텐바이 페이즈] 카드를 1장 뽑는다.
C-T-025-T3,[自動]自分の他の<セミナー>が出撃または神秘解放した時、自分のデッキの上から2枚を見る。その中から1枚選び、デッキの一番下に置く。,"[자동] 자신의 다른 '세미나' 학생이 출격 또는 신비 해방할 때마다, 자신의 덱 위에서 카드 2장을 본다. 그중 1장을 선택해, 덱의 맨 아래로 보낸다."
C-T-025-T4,[自動]自分が《書記の採決》または[EX-COMBO/生塩ノア]を持つEXスキルカードをプレイした場合、相手の生徒最大1人を選び、次の相手のターンのエンドフェイズまで、その生徒が受けるダメージは3増える。,"[자동] 자신이 '서기의 결단' 또는 '[EX-COMBO / 우시오 노아]'를 가진 EX스킬 카드를 낼 때마다, 상대의 학생을 최대 1명까지 선택한다. 상대의 다음 엔드 페이즈까지, 그 학생이 받는 대미지가 3 증가한다."
C-T-031,黒崎コユキ,쿠로사키 코유키
C-T-031-T1,この生徒の出撃コストはX少なくなる。Xの値は、自分の<ミレニアム>の数に等しく、コストは0以下にならない。,이 학생의 출격 코스트를 X  감소시킨다. X는 자신의 '밀레니엄'의 숫자이다. (최소 1)
C-T-031-T2,[出撃・神秘解放]自分のデッキの上から1枚を保健室に置く。そのカードが生徒カードの場合、カードを2枚引く。,"[출격・신비 해방] 자신의 덱 위에서 카드 1장을 보건실로 보낸다. 그 카드가 학생 카드라면, 카드를 2장 뽑는다."
C-T-031-T3,[攻撃]自分のデッキの上から1枚を保健室に置く。そのカードが生徒カードの場合、この生徒と同じエリアの相手のカードすべてにXダメージを与える。Xの値は、この生徒のLv×3とする。,"[공격] 자신의 덱 위에서 카드 1장을 보건실로 보낸다. 그 카드가 학생 카드라면, 공격한 대상과 같은 에어리어에 있는 상대의 모든 학생과 설치물에게 X 대미지를 준다. X는 이 학생의 Lv×3이다."
X-T-024,Q.E.D,Q.E.D
X-T-024-T1,"自分の生徒最大1人を選ぶ。その生徒は次の相手のターンのエンドフェイズまで、効果ダメージを受けず、相手のカード効果によって疲労しない。
[EX-COMBO/早瀬ユウカ]選んだ生徒はさらに、次の相手のターンのエンドフェイズまで、戦闘ダメージを受けず、相手のカード効果で選ばれない。","자신의 학생 1명을 선택한다. 그 학생은 상대의 다음 엔드 페이즈까지 효과로 대미지를 받지 않으며, 상대의 효과에 의해서 피로 상태가 되지 않는다.
[EX-COMBO / 하야세 유우카] 선택한 학생은 추가로 상대의 다음 엔드 페이즈까지 전투로 대미지를 받지 않으며, 상대의 효과의 대상이 되지 않는다."
X-T-024-T1-2,"自分の生徒最大1人を選ぶ。その生徒は次の相手のターンのエンドフェイズまで、効果ダメージを受けず、相手のカード効果によって疲労しない。
[EX-COMBO/早瀬ユウカ]選んだ生徒はさらに、次の相手のターンのエンドフェイズまで、戦闘ダメージを受けない。","자신의 학생 1명을 선택한다. 그 학생은 상대의 다음 엔드 페이즈까지 효과로 대미지를 받지 않으며, 상대의 효과에 의해서 피로 상태가 되지 않는다.
[EX-COMBO / 하야세 유우카] 선택한 학생은 추가로 상대의 다음 엔드 페이즈까지 전투로 대미지를 받지 않는다."
X-T-025,記録はスピードが命ですから,기록의 생명은 속도랍니다
X-T-025-T1,"カードを2枚引く。その後、自分の手札1枚を選び、デッキの一番上に置く。
[EX-COMBO/生塩ノア]自分の生徒全員は、このターン、相手の挑発を無視して攻撃できる。","카드 2장을 뽑는다. 그 후, 자신의 패에서 1장을 덱 맨 위에 놓는다.
[EX-COMBO / 우시오 노아] 이번 턴 동안, 자신의 모든 학생들은 상대의 도발을 무시하고 공격할 수 있다."
X-T-026,トリッキーな変数,뜻 밖의 변수
X-T-026-T1,"相手のカード1つを選び、そのカードと同じエリアの相手のカードすべてに3ダメージを与える。
[EX-COMBO/黒崎コユキ]このカードのコストは1になる。カードを選ぶ前に、自分のデッキの上から1枚を保健室に置く。そのカードが生徒カードの場合、このカードが与えるダメージは、3のかわりにそのカードのコストの値になる。この効果で撃破した生徒の数まで、自分のデッキの上のカードを見て、好きな枚数選び、手札に加える。","상대의 학생 또는 설치물 1개를 선택한다. 그 카드와 같은 에어리어에 있는 상대의 모든 학생과 설치물에게 3 대미지를 준다. 
[EX-COMBO / 쿠로사키 코유키]이 카드의 코스트가 1이 된다.  대상을 선택하기 전에, 자신의 덱 위에서 카드 1장을 보건실로 보낸다. 그 카드가 학생 카드라면, 이 카드로 주는 대미지가 3 대신 그 학생의 코스트가 된다. 이 효과로 학생을 격파했다면, 격파한 숫자만큼 덱 위에서 카드를 보고, 그 카드들 중 원하는 만큼 패로 가져온다."
ゲーム開発部,ゲーム開発部,게임개발부
C-T-018,天童アリス,텐도 아리스
C-T-018-T1,[攻撃]この生徒と同じエリアの相手のカードすべてに2ダメージを与える。,[공격] 이 카드와 같은 라인에 있는 상대의 모든 학생과 설치물에게 2 대미지를 준다.
C-T-018-T2,[自分のエンドフェイズ]この生徒以外の自分の<ミレニアム>が3つ以上ある場合、デッキから《天童アリス》1枚をこの生徒に神秘解放する。,"[자신의 엔드 페이즈] 이 학생 이외의 자신의 '밀레니엄' 학생이 3명 이상 필드에 있다면, 덱에서 '텐도 아리스' 1장을 선택해 이 학생에 신비 해방한다."
C-T-018-T3,[Lv3 自動]自分が《世界の 法則が 崩壊します！》をプレイした時、カードを2枚引き、このターン、この生徒に+5/+5する。,"[Lv.3 ~ 자동] 자신이  '밸런스 붕괴' 카드를 낼 때, 카드를 2장 뽑고 이번 턴 동안 이 학생은 +5/+5를 얻는다."
C-T-021,才羽モモイ,사이바 모모이
C-T-021-T1,[出撃・神秘解放]相手の生徒を1人選び、疲労させる。,[출격・신비 해방] 상대의 학생 1명을 선택한다. 그 학생은 피로 상태가 된다.
C-T-021-T2,[永続]自分の『才羽ミドリ』がある場合、この生徒に+2/+0する。,"[지속] 자신의 '사이바 미도리'가 필드에 있다면, 이 학생은 +2/+0을 얻는다."
C-T-021-T3,[自分のエンドフェイズ]自分の『才羽ミドリ』がある場合、デッキから《才羽モモイ》1枚をこの生徒に神秘解放する。,"[자신의 엔드 페이즈] 자신의 '사이바 미도리'가 필드에 있다면, 덱에서 '사이바 모모이' 1장을 선택해 이 학생에 신비 해방한다."
C-T-021-T4,[Lv3 攻撃・制圧]自分の手札から、コストが6以下の<ミレニアム>を最大1人出撃または神秘解放する。,[Lv.3 ~ 공격 ・ 제압] 자신의 패에서 6 코스트 이하의 '밀레니엄' 학생 1명을 출격시킬 수 있다.
C-T-020,才羽ミドリ,사이바 미도리
C-T-020-T1,[出撃・神秘解放]自分の生徒を1人選び、HPをすべて回復する。,[출격・신비 해방] 자신의 학생 1명을 선택한다. 그 학생의 HP를 최대치까지 회복시킨다.
C-T-020-T2,[永続]自分の『才羽モモイ』がある場合、この生徒に+0/+2する。,"[지속] 자신의 '사이바 모모이'가 필드에 있다면, 이 학생은 +0/+2를 얻는다."
C-T-020-T3,[自分のエンドフェイズ]自分の『才羽モモイ』がある場合、デッキから《才羽ミドリ》1枚をこの生徒に神秘解放する。,"[자신의 엔드 페이즈] 자신의 '사이바 모모이'가 필드에 있다면, 덱에서 '사이바 미도리' 1장을 선택해 이 학생에 신비 해방한다."
C-T-020-T4,[Lv3 攻撃・制圧]自分の手札から、プレイ条件を満たしているシャーレカード最大1枚をプレイしてもよい。(このターン中にすでにシャーレカードをプレイしていても使用できる。),[Lv.3 ~ 공격 ・ 제압] 자신의 패에서 발동 조건을 충족한 샬레 카드 1장을 발동할 수 있다. (이번 턴에 이미 샬레 카드를 발동했더라도 발동할 수 있다.)
C-T-019,花岡ユズ,하나오카 유즈
C-T-019-T1,[攻撃・制圧]このカードと同じエリアの相手のカード1つを選び、3ダメージを与える。,[공격] 이 카드와 같은 에어리어에 있는 상대 학생을 1명 선택한다. 그 학생에게 3 대미지를 준다.
C-T-019-T2,[自分のエンドフェイズ]この生徒以外の自分の<ゲーム開発部>がある場合、デッキから《花岡ユズ》1枚をこの生徒に神秘解放する。,"[자신의 엔드 페이즈] 이 학생 이외의 '게임개발부' 학생이 필드에 있다면, 덱에서 '하나오카 유즈' 1장을 선택해 이 학생에 신비 해방한다."
C-T-019-T3,[Lv3 永続]自分の<ゲーム開発部>が受ける効果ダメージを2減らす。,[Lv3 ~ 지속] 자신의 '게임개발부' 학생이 받는 효과 대미지를 2 줄인다.
X-T-007,生みの苦しみ,창작의 고통
X-T-007-T1,"相手のカード1つを選び、そのカードと同じエリアの相手のカードすべてに1ダメージを与える。
[EX-COMBO/才羽モモイ]このカードが与えるダメージは1増える。さらに、選んだカードが生徒なら、その生徒を疲労させる。
[EX-COMBO/才羽ミドリ]このカードが与えるダメージは1増える。","상대의 학생 또는 설치물 1개를 선택한다. 그 카드와 같은 에어리어에 있는 상대의 모든 학생과 설치물에게 1 대미지를 준다. 
[EX-COMBO / 사이바 모모이]이 카드로 주는 대미지가 1 증가한다. 학생을 대상으로 했다면, 그 학생은 피로 상태가 된다.
[EX-COMBO / 사이바 미도리]이 카드로 주는 대미지가 1 증가한다."
X-T-006,ドローイングアート,드로잉 아트
X-T-006-T1,"相手のカード1つを選び、3ダメージを与える。
[EX-COMBO/才羽ミドリ]このカードが与えるダメージは1増える。ダメージを与えた後、自分の保健室の生徒カード最大3枚を選び、持ち主のデッキに戻した後、デッキをシャッフルする。
[EX-COMBO/才羽モモイ]このカードが与えるダメージは1増える。","상대의 학생 또는 설치물 1개를 선택한다. 그 대상에게 3 대미지를 준다.
[EX-COMBO / 사이바 미도리]이 카드로 주는 대미지가 1 증가한다. 대미지를 준 후, 자신의 보건실에서 카드를 최대 3장까지 선택해 소유자의 덱으로 되돌린 뒤, 덱을 셔플한다.
[EX-COMBO / 사이바 모모이]이 카드로 주는 대미지가 1 증가한다."
X-T-005,ゲームスタート！,"게임, 스타트!"
X-T-005-T1,"相手のカード1つを選び、4ダメージを与える。
[EX-COMBO/花岡ユズ]自分の『花岡ユズ』全員は、次の相手のターンのエンドフェイズまで、攻撃されない。","상대의 학생 또는 설치물 1개를 선택한다. 그 대상에게 4 대미지를 준다.
[EX-COMBO / 하나오카 유즈] 자신의 '하나오카 유즈'는 다음 상대 턴 종료 시까지 공격받지 않는다."
X-T-004,世界の 法則が 崩壊します！,밸런스 붕괴
X-T-004-T1,"相手のカード1つを選び、そのカードと同じエリアの相手のカードすべてに4ダメージを与える。
[EX-COMBO/天童アリス]このカードのコストは2になる。このカードが与えるダメージは6になる。","상대의 에어리어 1개를 선택한다. 그 에어리어에 있는 모든 학생에게 4 대미지를 준다.
[EX-COMBO / 텐도 아리스] 이 카드의 코스트가 2가 된다. 이 카드로 주는 대미지가 6이 된다."
ティーパーティー,ティーパーティー,티파티
C-T-043,百合園セイア,유리조노 세이아
C-T-043-T1,このカードの出撃コストはX減る。Xの値は、自分の場の<ティーパーティー>の数とする。,이 카드의 출격 비용을 X 감소시킨다. X의 값은 자신의 장소의 '티파티'의 숫자.
C-T-043-T2,[出撃]自分のデッキの上から3枚を見る。そのうち1枚を手札に、1枚をデッキの一番上に、残りの1枚をデッキの一番下に置く。,"[출격]자신의 덱 위에서 3장을 본다. 그 중 1장을 패에, 1장을 덱의 맨 위에, 나머지 1장을 덱의 맨 아래에 둔다."
C-T-043-T3,[Lv2 神秘解放]自分のデッキからカード最大1枚を選び、デッキの一番上に置く。,"[Lv.2 ~ 신비 해방] 덱에서 카드 1장을 선택하고 덱을 섞은 뒤, 선택한 카드를 덱 맨 위에 놓는다."
C-T-043-T4,[Lv3 神秘解放]自分のデッキからカード最大1枚を選び、手札に加える。,[Lv.3 ~ 신비 해방] 자신의 덱에서 카드를 1장 선택하여 패로 가져온다.
C-T-042,聖園ミカ,미소노 미카
C-T-041,桐藤ナギサ,키리후지 나기사
C-T-041-T1,[永続]この生徒を含む自分の<トリニティ>の生徒すべてに+X/+Xする。Xの値は、この生徒のLvとする。,[지속] 자신의 '트리니티' 학생들은 +X/+X를 얻는다. X는 이 학생의 Lv이다.
C-T-041-T2,[自分のエンドフェイズ]自分の生徒最大1人を選び、HPをすべて回復する。この効果で<ティーパーティー>を選んだ場合、カードを1枚引く。,"[자신의 엔드 페이즈] 자신의 학생 1명을 선택한다. 그 학생의 HP를 최대치까지 회복시킨다. '티파티' 학생을 선택했다면, 카드를 1장 뽑는다."
X-T-042,Kyrie Eleison,Kyrie Eleison
X-T-042-T1,"このカードは、自分の<トリニティ>または<アリウス>がある場合にプレイでき、コストはX減る。ただし、コストは0以下にならない。相手のカード1枚を選び、6ダメージとXダメージを与える。Xの値は、プレイ時の自分の<ティーパーティー>の数×2と、相手の生徒の数の合計とする。
[EX-COMBO/聖園ミカ]相手のカード1枚を選び、5ダメージを与える。その後、自分の『聖園ミカ』全員に+X/+Xする。
[EX-COMBO/下江コハル]自分の手札または保健室から、『聖園ミカ』最大1人を選び、出撃または神秘解放させる。
[EX-COMBO/錠前サオリ]このカードがダメージを与えるかわりに、選んだすべてのカードを退却させる。","자신의 '트리니티' 또는 '아리우스'가 필드에 있어야만 이 카드를 낼 수 있다.
이 카드의 코스트를 X 감소시킨다. (최소 1), 상대의 카드 1장을 선택한다. 그 카드에게 6 + X 대미지를 준다. X는 필드에 있는 자신의 '티파티'의 수×2와 상대 필드의 학생 수를 합한 값이다.
[EX-COMBO / 미소노 미카] 상대의 카드 1장을 선택한다. 그 카드에게 5 대미지를 준다. 그 후, 자신의 모든 '미소노 미카'는 +X/+X를 얻는다.
[EX-COMBO / 시모에 코하루] 자신의 패 또는 보건실에서 '미소노 미카'를 최대 1장까지 선택한다. 그 카드를 출격시키거나 신비 해방한다.
[EX-COMBO / 조마에 사오리] 이 카드가 대미지를 주는 대신, 선택한 모든 카드를 퇴각시킨다."
X-T-041,Time On Target,Time On Target
X-T-041-T1,"相手のカード1つを選び、そのカードと同じエリアの相手のカードすべてに3ダメージを与える。
[EX-COMBO/桐藤ナギサ]このカードのコストは2になる。自分の手札から<トリニティ>を2人まで選び、出撃または神秘解放させる。","상대의 학생 또는 설치물 1개를 선택한다. 그 카드와 같은 에어리어에 있는 상대의 모든 학생과 설치물에게 3 대미지를 준다. 
[EX-COMBO / 키리후지 나기사] 이 카드의 코스트가 2가 된다. 자신의 패에서 '트리니티' 학생을 2명까지 선택해, 출격시키거나 신비 해방한다."
救護騎士団,救護騎士団,구호기사단
C-T-050,鷲見セリナ,스미 세리나
C-T-050-T1,[出撃・神秘解放]自分の保健室の生徒カード最大1枚を選び、手札に戻す。そのカードが『鷲見セリナ』以外の<救護騎士団>の場合、神秘解放する。,"[출격・신비 해방] 자신의 보건실에서 학생을 최대 1명까지 패로 가져올 수 있다. 그 카드가 '스미 세리나' 이외의 '구호기사단' 일 경우, 신비 해방한다."
C-T-050-T2,[自分のエンドフェイズ]自分の生徒最大1人を選び、HPをすべて回復する。その生徒が<救護騎士団>の場合、自分の保健室の生徒カード最大1枚を選び、手札に戻す。,"[자신의 엔드 페이즈] 자신의 학생 1명을 선택한다. 그 학생의 HP를 최대치까지 회복시킨다. 그 카드가 '구호기사단' 이었을 경우, 자신의 보건실에서 학생을 최대 1명까지 패로 가져올 수 있다."
C-T-050-T3,[永続]自分の<救護騎士団>が3枚以上あれば、この生徒は効果の影響を無視して制圧できる。,"[지속] 자신의 '구호기사단'이 3장 이상 존재한다면, 이 학생은 상대의 효과를 무시하고 제압할 수 있다."
C-T-051,朝顔ハナエ,아사가오 하나에
C-T-051-T1,[出撃・神秘解放]自分の生徒最大1人を選び、+0/+2する。その生徒が『朝顔ハナエ』以外の<救護騎士団>の場合、自分の保健室のEXスキルカード最大1枚を選び、手札に戻す。,"[출격・신비 해방] 자신의 학생을 최대 1명까지 선택한다. 그 학생은 +0/+2를 얻는다. 그 학생이 '아사가오 하나에' 이외의 '구호기사단'일 경우, 자신의 보건실에서 EX스킬 카드를 최대 1장까지 패로 가져올 수 있다."
C-T-051-T2,[永続]自分の<救護騎士団>が与えるすべてのダメージは2増える。,[지속] 자신의 '구호기사단'이 주는 피해가 2 증가한다.
C-T-051-T3,[自動]相手の生徒が自分の生徒の攻撃または効果ダメージによって退却した時、自分の<救護騎士団>が3枚以上あれば、その生徒と同じカード名の全てのカードを相手の保健室からデッキに戻す。,"[자동] 상대의 학생이 자신의 학생의 공격 또는 효과에 의해 대미지를 받아 퇴각할 때, 자신의 필드에 '구호기사단'이 3장 이상 존재한다면, 그 학생과 같은 이름의 모든 카드를 상대의 보건실에서 덱으로 되돌린다."
C-T-052,蒼森ミネ,아오모리 미네
C-T-052-T1,この生徒の出撃コストは、X少なくなる。Xの値は、疲労しているかダメージを受けている生徒、または自分の<救護騎士団>の数とし、コストは0以下にならない。,이 학생의 출격 코스트를 X 감소시킨다. X는 자신의 필드에 있는 '구호기사단'과  피로 상태이거나 대미지를 받은 상태인 학생의 숫자.
C-T-052-T2,[出撃・神秘解放]自分の保健室の生徒カードまたはEXスキルカード最大1枚か、EX-COMBOを満たす組み合わせになるように『蒼森ミネ』以外の<救護騎士団>生徒カードとEXスキルカードを最大1枚ずつ選び、手札に戻す。2枚戻した場合、コストを1回復する。,"[출격・신비 해방] 자신의 보건실에서 학생 카드나 EX 스킬 카드, 또는 EX-COMBO 조건을 만족시키는 조합의 '아오모리 미네' 이외의 '구호기사단' 학생 카드와 EX 스킬 카드 1세트를 선택하여 패로 되돌린다. 2장 되돌렸을 경우, 코스트를 1 회복한다."
C-T-052-T3,[永続]この生徒以外の、疲労している、またはダメージを受けている生徒がいる場合、この生徒は挑発と存在感を得る。,"[지속] 이 학생 이외의 피로 상태이거나 대미지를 받은 상태인 학생이 있을 경우, 이 학생은 도발과 존재감을 얻는다."
C-T-052-T4,[攻撃]この生徒と同じエリアの相手のカード最大1枚を選び、Xダメージを与える。Xの値は、この生徒の現在のHPとする。,[공격] 이 학생과 같은 에어리어에 있는 상대의 카드를 선택한다. 그 카드에게 X 대미지를 준다. X는 이 학생의 HP다.
X-T-050,集中治療セットA,집중 치료 세트 A
X-T-050-T1,"自分の保健室から、出撃コストが3以下で、自分の出撃している生徒いずれかと同じ学校の生徒を最大1人選び、出撃または神秘解放させる。出撃させた場合、その生徒は、このターン終了時まで制圧できない。
[EX-COMBO/鷲見セリナ]このカードのコストは1になる。この効果で選ぶ生徒の出撃コストの最大値は4になる。","자신의 보건실에서 출격 비용이 3 이하이며 자신의 필드에 출격해있는 학생과 같은 학교의 학생을 최대 1명까지 선택해 출격시키거나 신비 해방한다. 출격시켰을 경우, 그 학생은 턴 종료 시까지 제압할 수 없다.
[EX-COMBO / 스미 세리나] 이 카드의 코스트가 1이 된다. 이 효과로 출격시킬 수 있는 학생의 코스트 상한이 4가 된다."
X-T-051,治療の時間ですよ～！,치료 시간이에요~
X-T-052,誇りと信念,신념과 긍지
補習授業部,補習授業部,보충수업부
C-T-012,阿慈谷ヒフミ,아지타니 히후미
C-T-012-T1,[出撃・神秘解放]《ペロロ人形》を1個生成し設置する。,"[출격・신비 해방] '페로로 인형' 1개를 생성한다. 이 '페로로 인형'은 필드를 떠날 경우, 소멸한다."
C-T-012-T2,[攻撃・制圧]自分の『白洲アズサ』がある場合、《ペロロ人形》を1個生成し設置する。,"[공격・제압] 자신의 '시라스 아즈사'가 필드에 있다면, '페로로 인형' 1개를 생성한다. 이 '페로로 인형'은 필드를 떠날 시 소멸한다."
C-T-012-T3,[永続]自分の『白洲アズサ』『浦和ハナコ』『下江コハル』がある場合、自分の生徒全員に+X/+Xする。Xの値は、この生徒のLvとする。,"[지속] 자신의 '시라스 아즈사', '우라와 하나코', '시모에 코하루'가 모두 필드에 있다면, 자신의 모든 학생은 +X/+X를 얻는다. X의 값은 이 학생의 Lv이다."
C-T-013,白洲アズサ,시라스 아즈사
C-T-013-T1,[永続]自分の『阿慈谷ヒフミ』がある場合、この生徒に+2/+2する。,"[지속] 자신의 '아지타니 히후미'가 필드에 있다면, 이 학생은 +2/+2를 얻는다."
C-T-013-T2,[出撃・神秘解放・攻撃]自分の『ペロロ人形』がある場合、カードを1枚引く。,"[출격 ・ 신비 해방 ・ 공격] 자신의 '페로로 인형'이 설치되어 있다면, 카드를 1장 뽑는다."
C-T-013-T3,[永続]自分の『阿慈谷ヒフミ』『浦和ハナコ』『下江コハル』がある場合、この生徒はダメージを受けない。,"[지속] 자신의 '아지타니 히후미', '우라와 하나코', '시모에 코하루'가 모두 필드에 있다면, 이 학생은 피해를 받지 않는다."
C-T-014,下江コハル,시모에 코하루
C-T-014-T1,[出撃・神秘解放]自分の生徒1人を選び、HPをすべて回復する。自分の『浦和ハナコ』がある場合、かわりに選んだ生徒と同じエリアの自分の生徒のHPをすべて回復する。,"[출격・신비 해방] 자신의 학생 1명을 선택한다. 그 학생의 HP를 최대치까지 회복시킨다. 자신의 '우라와 하나코'가 필드에 있다면, 대신 에어리어 1개를 선택해 그 에어리어에 있는 자신의 모든 학생들의 HP를 최대치까지 회복시킨다."
C-T-014-T2,[永続]自分の『阿慈谷ヒフミ』『白洲アズサ』『浦和ハナコ』がある場合、この生徒は+4/+4され、挑発を得る。,"[지속] 자신의 '아지타니 히후미', '시라스 아즈사', '우라와 하나코'가 모두 필드에 있다면, 이 학생은 +4/+4와 도발을 얻는다."
C-T-015,浦和ハナコ,우라와 하나코
C-T-015-T2,[永続]自分の『下江コハル』がある場合、この生徒は攻撃されず、自分の<補習授業部>が受けるすべてのダメージを2減らす。,"[지속] 자신의 '시모에 코하루'가 필드에 있다면, 이 학생은 공격받지 않고, 자신의 모든 '보충수업부'가 받는 대미지를 2 줄인다."
C-T-015-T3,[自分のエンドフェイズ]自分の『阿慈谷ヒフミ』『白洲アズサ』『下江コハル』がある場合、自分のデッキから、好きなカード最大1枚を選び、手札に加える。,"[자신의 엔드 페이즈] 자신의 '아지타니 히후미', '시라스 아즈사', '시모에 코하루' 모두가 필드에 있다면, 덱에서 카드 1장을 선택하여 패로 가져온다."
X-T-020,助けて、ペロロ様！,"도와줘요, 페로로 님!"
X-T-020-T1,"《ペロロ人形》を1個生成し設置する。
[EX-COMBO/阿慈谷ヒフミ]《ペロロ人形》をさらに1個生成し設置する。","페로로 인형' 1개를 생성한다. 이 '페로로 인형'은 필드를 떠날 경우, 소멸한다.
[EX-COMBO / 아지타니 히후미] '페로로 인형' 1개를 추가로 생성한다. 이 '페로로 인형'은 필드를 떠날 경우, 소멸한다."
X-T-021,禁じられた遊びを始めましょう,금지된 장난을 시작해볼까요?
X-T-021-T1,"カードを2枚引く。その後、自分の手札1枚を選び、デッキの一番上に置く。
[EX-COMBO/浦和ハナコ]自分の手札から、『下江コハル』最大1人を出撃または神秘解放させる。","카드 2장을 뽑는다. 그 후, 자신의 패에서 1장을 덱 맨 위에 놓는다.
[EX-COMBO / 우라와 하나코]자신의 패에서 '시모에 코하루'를 최대 1명까지 출격시키거나 신비 해방한다."
X-T-023,intulit mortem,intulit mortem
X-T-023-T1,"相手のカード1つを選び、5ダメージを与える。
[EX-COMBO/白洲アズサ]このカードのコストは1になる。このカードが与えるダメージは10になる。カードを1枚引く。","상대의 학생 1명을 선택한다. 그 학생에게 5 대미지를 준다.
[EX-COMBO / 시라스 아즈사] 이 카드의 코스트가 1이 된다. 이 카드로 주는 대미지가 10이 된다. 카드를 1장 뽑는다."
X-T-022,セイなる手榴弾,성스러운 수류탄
X-T-022-T1,"相手のカード1つを選び、そのカードと同じエリアの相手のカードすべてに3ダメージを与える。
[EX-COMBO/下江コハル]このカードのコストは1になる。選んだカードと同じエリアの自分の生徒のHPをすべて回復する。","상대의 학생 또는 설치물 1개를 선택한다. 그 카드와 같은 에어리어에 있는 상대의 모든 학생과 설치물에게 3 대미지를 준다.
[EX-COMBO / 시모에 코하루] 이 카드의 코스트가 1이 된다. 선택한 카드와 같은 에어리어에 있는 자신의 모든 학생들의 HP를 최대치까지 회복시킨다."
便利屋68,便利屋68,흥신소 68
C-T-008,陸八魔アル,리쿠하치마 아루
C-T-008-T1,[出撃・神秘解放]自分の手札を1枚捨ててもよい。そうしたら、手札から『陸八魔アル』以外の<便利屋68>を1枚出撃させる。,"[출격・신비 해방] 자신의 패에서 카드를 1장 버릴 수 있다. 버렸다면, 패에서 '리쿠하치마 아루' 이외의 '흥신소 68' 1장을 출격시킨다."
C-T-008-T2,[攻撃・制圧]自分の手札を2枚捨ててもよい。そうしたら、次の相手のターンのエンドフェイズまで、自分の<便利屋68>全員に+2/+2する。,"[공격・제압] 자신의 패에서 카드를 2장 버릴 수 있다. 버렸다면, 상대의 다음 엔드 페이즈까지 자신의 모든 '흥신소 68' 학생들은 +2/+2를 얻는다."
C-T-010,浅黄ムツキ,아사기 무츠키
C-T-010-T1,[出撃・神秘解放]自分の手札を1枚捨ててもよい。そうしたら、この生徒と同じエリアの相手のカードすべてにXダメージを与える。Xの値は、自分の出撃している<便利屋68>の人数とする。,"[출격・신비 해방] 자신의 패에서 카드를 1장 버릴 수 있다. 버렸다면, 이 학생과 같은 에어리어에 있는 상대의 모든 학생들에게 X 대미지를 준다. X는 자신의 필드에 있는 '흥신소 68' 학생의 숫자."
C-T-010-T2,[永続]自分の『陸八魔アル』全員に+1/+1する。,[지속] 자신의 모든 '리쿠하치마 아루'는 +1/+1를 얻는다.
C-T-010-T3,[攻撃]相手の生徒最大1人を選び、疲労させる。,[공격] 상대 학생 1명을 선택한다. 그 학생은 피로 상태가 된다.
C-T-011,鬼方カヨコ,오니카타 카요코
C-T-011-T1,[出撃・神秘解放]自分の手札を2枚捨ててもよい。そうしたら、この生徒と同じエリアの相手の生徒をすべて疲労させる。,"[출격・신비 해방] 자신의 패에서 카드를 2장 버릴 수 있다. 버렸다면, 이 학생과 같은 에어리어에 있는 상대의 모든 학생은 피로 상태가 된다."
C-T-011-T2,[自動]自分の『陸八魔アル』が攻撃または制圧する時、カードを1枚引く。,"[자동] 자신의 '리쿠하치마 아루'가 공격 또는 제압할 때, 카드를 1장 뽑는다."
C-T-009,伊草ハルカ,이구사 하루카
C-T-009-T1,[攻撃]自分の手札を1枚捨ててもよい。そうしたら、攻撃先の生徒にXダメージを与える。Xの値は、自分の出撃している<便利屋68>の人数×2とする。,"[공격] 자신의 패에서 카드를 1장 버릴 수 있다. 버렸다면, 상대의 학생 1명에게 X 대미지를 준다. X는 자신의 필드에 있는 '흥신소 68' 학생의 숫자×2다."
C-T-009-T2,[永続]自分の『陸八魔アル』は攻撃されない。,[지속] 자신의 '리쿠하치마 아루'는 공격받지 않는다.
C-T-009-T3,[永続]この生徒が受けるすべてのダメージをX減らす。Xの値は、この生徒以外の自分の<便利屋68>の人数とする。,[지속] 이 학생이 받는 피해를 X 줄인다. X는 이 학생 이외의 필드에 있는 '흥신소 68' 학생의 숫자.
X-T-008,ハードボイルドショット,하드보일드 샷
X-T-008-T1,"相手のカード1つを選び、5ダメージを与える。
[EX-COMBO/陸八魔アル]選んだカードと同じエリアの他の相手のカードすべてに5ダメージを与える。さらに、自分の『鬼方カヨコ』、『浅黄ムツキ』、『伊草ハルカ』があれば、かわりに相手のカードすべてに5ダメージを与える。","상대의 학생 또는 설치물 1개를 선택한다. 그 대상에게 5 대미지를 준다.
[EX-COMBO / 리쿠하치마 아루]선택한 카드와 같은 에어리어에 있는 상대의 다른 모든 학생과 설치물에게 5 대미지를 준다. 만약 자신의 '오니카타 카요코', '아사기 무츠키', '이구사 하루카' 모두가 필드에 있다면, 대신 상대의 모든 학생과 설치물에게 5 대미지를 준다."
X-T-010,灼熱のセレナーデ,작열의 세레나데
X-T-010-T1,"相手のカード1つを選び、そのカードと同じエリアの相手のカードすべてに2ダメージを与える。
[EX-COMBO/浅黄ムツキ]このカードが与えるダメージは4になる。","상대의 학생 1명을 선택한다. 그 학생과 같은 에어리어에 있는 상대의 모든 학생과 설치물에게 2 대미지를 준다.
[EX-COMBO / 아사기 무츠키] 이 카드로 주는 대미지가 4가 된다."
X-T-011,パニックブリンガー,패닉 브링거
X-T-011-T1,"相手のカード1つを選び、3ダメージを与える。
[EX-COMBO/鬼方カヨコ]その生徒を疲労させる。","상대의 학생 1명을 선택한다. 그 학생에게 3 대미지를 준다.
[EX-COMBO / 오니카타 카요코] 그 학생은 피로 상태가 된다."
X-T-009,乱れ撃ち,펌프패닝
X-T-009-T1,"相手のカード1つを選び、1ダメージを与える。その後、自分の手札を好きな枚数捨ててよい。1枚以上捨てた場合、その枚数だけ、以下を繰り返す。
・相手のカード1つを選び、1ダメージを与える。
[EX-COMBO/伊草ハルカ]このカードの効果で与えるすべてのダメージは3になる。","상대의 학생 또는 설치물을 선택한다. 그 대상에게 1 대미지를 준다. 그 후, 자신의 패에서 카드를 원하는 만큼 버릴 수 있다. 1장 이상 버렸다면, 그 장수만큼 이하의 효과를 반복한다.
・상대의 학생 또는 설치물을 선택한다. 그 대상에게 1 대미지를 준다. 
[EX-COMBO / 이구사 하루카]이 카드로 주는 모든 대미지가 3이 된다."
七囚人,七囚人,일곱 죄수
C-T-044,狐坂ワカモ,코사카 와카모
C-T-044-T1,相手に1エリア以上制圧されている場合、この生徒の出撃コストは0になる。,"상대가 에어리어를 1개 이상 제압하고 있다면, 이 학생의 출격 코스트는 0이 된다."
C-T-044-T2,[永続]この生徒が場を離れる場合、収監される。,"[지속] 이 학생이 필드를 떠날 경우, 교정국으로 보내진다."
X-T-044,深紅の花占い,진홍빛 꽃점
X-T-044-T1,"すべてのカードから最大1つ選び、自分の『狐坂ワカモ』以外の選んだカードと同じエリアのすべてのカードに4ダメージを与える。自分の手札から『狐坂ワカモ』最大1人を出撃または神秘解放させる。
[EX-COMBO/狐坂ワカモ]自分の『狐坂ワカモ』全員を元気にする。(それらの生徒は攻撃権を得る。)","모든 학생 또는 설치물 중 1장을 선택한다. 자신의 '코사카 와카모'를 제외한, 선택한 카드와 같은 에어리어에 있는 모든 학생과 설치물에게 4 대미지를 준다. 자신의 패에서 '코사카 와카모' 1장을 출격시키거나 신비 해방한다.
[EX-COMBO / 코사카 와카모] 자신의 모든 '코사카 와카모'를 액티브 상태로 만든다."
アリウススクワッド,アリウススクワッド,아리우스 스쿼드
C-T-061,秤アツコ,하카리 아츠코
C-T-061-T1,[登場・神秘解放]自分のデッキの上から1枚を矯正局に置く。自分の矯正局から、<アリウス>最大1枚を手札に戻す。,[출격・신비 해방] 자신의 덱 위에서 카드 1장을 교정국으로 보낸다. 교정국에서 '아리우스' 카드를 최대 1장까지 패로 가져올 수 있다.
C-T-061-T2,[永続]相手の生徒は制圧できない。,[지속] 상대 학생은 제압할 수 없다.
C-T-061-T3,[永続]この生徒以外の自分の<アリウス>すべてに+X/+Xする。Xの値は、自分の<アリウススクワッド>の人数とし、3以上にはならない。,"[지속] 이 학생을 포함한, 자신의 모든 '아리우스' 학생들은 +X/+X를 얻는다. X는 자신의 '아리우스 스쿼드' 학생의 숫자. (최대 +2/+2)"
C-T-061-T4,[自分のエンドフェイズ]自分のデッキの上から1枚を矯正局に置く。,[자신의 엔드 페이즈] 자신의 덱 위에서 카드 1장을 교정국으로 보낸다.
C-T-063,槌永ヒヨリ,츠치나가 히요리
C-T-063-T1,[出撃・神秘解放]自分のデッキの上から3枚を見る。そのうち1枚を手札に、1枚を保健室に、残りの1枚を矯正局に置く。,"[출격・신비 해방] 자신의 덱 위에서 카드 3장을 보고, 그중 1장을 패로, 1장을 보건실로, 남은 1장을 교정국으로 보낸다."
C-T-063-T2,[永続]この生徒は、自分の他の<アリウススクワッド>が出撃している場合、攻撃されない。,"[지속] 이 학생은 자신의 다른 '아리우스 스쿼드'가 필드에 있다면, 공격받지 않는다."
C-T-063-T3,[自分のエンドフェイズ]自分のデッキの上から1枚を矯正局に置く。自分の保健室のカードを2枚選んで矯正局に置いてもよい。そうしたら、カードを1枚引く。,"[자신의 엔드 페이즈] 자신의 덱 위에서 카드 1장을 교정국으로 보낸다. 자신의 보건실에서 카드 2장을 교정국으로 보낼 수 있다. 보냈다면, 카드를 1장 뽑는다."
C-T-060,錠前サオリ,조마에 사오리
C-T-060-T1,[出撃・神秘解放]自分のデッキの上から1枚を矯正局に置く。この生徒と同じエリアの相手のカード1つを選び、5ダメージを与える。この効果で生徒を撃破したとき、自分は1枚引く。,"[출격・신비 해방] 자신의 덱 위에서 카드 1장을 교정국으로 보낸다. 이 학생과 같은 에어리어에 있는 상대의 학생 또는 설치물을 선택해 5 대미지를 준다. 이 대미지로 학생을 격파했다면, 자신은 카드를 1장 뽑는다."
C-T-060-T2,[永続]この生徒に+X/+0する。Xの値は、この生徒以外の<アリウススクワッド>の人数とする。,[지속] 이 학생은 +X/+0을 얻는다. X는 이 학생 이외의 '아리우스 스쿼드' 학생의 숫자.
C-T-060-T3,[自分のエンドフェイズ]自分のデッキの上から2枚を矯正局に置く。,[자신의 엔드 페이즈] 자신의 덱 위에서 카드 2장을 교정국으로 보낸다.
C-T-062,戒野ミサキ,이마시노 미사키
C-T-062-T1,[出撃・神秘解放]自分のデッキの上から1枚を矯正局に置く。この生徒と同じエリアの相手の設置物すべてに3ダメージを与える。,[출격・신비 해방] 자신의 덱 위에서 카드 1장을 교정국으로 보낸다. 이 학생과 같은 에어리어에 있는 상대의 모든 학생과 설치물에게 3 대미지를 준다.
C-T-062-T2,[攻撃・制圧]この生徒と同じエリアの相手のカードすべてにXダメージを与える。Xの値は、自分の<アリウススクワッド>の人数とする。,[공격・제압] 이 학생과 같은 에어리어에 있는 상대의 모든 학생과 설치물에게 X 대미지를 준다. X는 자신의 필드에 있는 '아리우스 스쿼드'의 인원수이다.
C-T-062-T3,[自分のエンドフェイズ]自分のデッキの上から1枚を矯正局に置く。,[자신의 엔드 페이즈] 자신의 덱 위에서 카드 1장을 교정국으로 보낸다.
C-T-Dummy,白洲アズサ(アリウス),시라스 아즈사(아리우스)
C-T-Dummy-1,[出撃・神秘解放]自分のデッキの上から1枚を矯正局に置く。自分の保健室のカードを1枚選んで矯正局に置いてもよい。そうしたら、自分の矯正局にあるEXスキルカード最大1枚を選んで手札に戻してもよい。,"[출격・신비 해방] 자신의 덱 위에서 카드 1장을 교정국으로 보낸다. 자신의 보건실에서 카드 1장을 교정국으로 보낼 수 있다. 보냈다면, 자신의 교정국에서 EX 스킬 카드를 최대 1장까지 선택해 패로 가져올 수 있다."
C-T-Dummy-2,[攻撃]この生徒と同じエリアに自分の他の生徒がいなければ、カードを1枚引く。,"[공격] 이 학생이 있는 에어리어에 다자신의 다른 학생이 없다면, 카드를 1장 뽑는다."
C-T-Dummy-3,[自分のエンドフェイズ]自分のデッキの上から1枚を矯正局に置く。,[자신의 엔드 페이즈] 자신의 덱 위에서 카드 1장을 교정국으로 보낸다.
X-T-061,これも私の力……？,이것도 나의 힘......?
X-T-061-T1,"カードを3枚引く。その後、自分の手札から2枚選んで矯正局に置く。このカードを矯正局に置く。
[EX-COMBO/秤アツコ]次の相手のターンのエンドフェイズまで、自分の生徒が受けるすべてのダメージを2減らす。","카드 3장을 뽑는다. 그리고 자신의 패에서 카드 2장을 선택해 교정국으로 보낸다.이 카드를 교정국으로 보낸다.
[EX-COMBO / 하카리 아츠코] 상대의 다음 엔드 페이즈까지, 자신의 학생들이 받는 모든 피해를 2 줄인다."
X-T-063,い、今支援します！,"지, 지금 지원할게요!"
X-T-060,et omnia vanitas！,Et Omnia Vanitas!
X-T-060-T1,"自分のデッキの上から1枚を矯正局に置く。相手のカード1つを選び、7ダメージを与える。
[EX-COMBO/錠前サオリ]このカードのコストは1になる。ダメージを与えるかわりに、そのカードを退却させる。","자신의 덱 위에서 1장을 교정국으로 보낸다. 상대의 학생 또는 설치물 1개를 선택한다. 그 대상에게 7 대미지를 준다.
[EX-COMBO / 조마에 사오리] 이 카드의 코스트가 1이 된다. 대미지를 주는 대신, 그 학생 또는 설치물을 퇴각시킨다."
X-T-062,虚しい世界,헛된 세계
特異現象捜査部,特異現象捜査部,초현상특무부
C-T-046,和泉元エイミ,이즈미모토 에이미
C-T-046-T1,[出撃・神秘解放]自分のデッキの上から5枚を見る。その中から、<セミナー>または<特異現象捜査部>最大1枚を選び、手札に加える。自分の手札から、『明星ヒマリ』最大1枚を選び、出撃または神秘解放させる。,"[출격・신비 해방] 자신의 덱 위에서 카드 5장을 보고, 그중 '세미나' 또는 '초현상특무부' 카드를 최대 1장 선택해 패로 가져온다. 자신의 패에서 '아케보시 히마리'를 최대 1장까지 선택해, 출격시키거나 신비 해방한다."
C-T-046-T2,[永続]この生徒は相手のカード効果で疲労せず、同じエリアに自分の他の<セミナー>または<特異現象捜査部>がある場合、+0/+2する。,"[지속] 이 학생은 상대의 효과에 인해선 피로 상태가 되지 않는다. 같은 에어리어에 자신의 다른 '세미나' 또는 '초현상특무부' 학생이 있다면, +0/+2를 얻는다."
C-T-046-T3,[被弾]この生徒のHPをX回復する。Xの値は、この生徒のLv×2とする。,[자신의 엔드 페이즈] 이 학생의 HP를 X 회복시킨다. X는 이 학생의 Lv×2다.
C-T-045,明星ヒマリ,아케보시 히마리
C-T-045-T1,[出撃・神秘解放]自分のデッキから、シャーレカード最大1枚を選び、手札に加える。,"[출격・신비 해방] 자신의 덱에서, 샬레 카드를 최대 1장까지 선택해 패로 가져온다."
C-T-045-T2,[自動]自分がシャーレカードをプレイした時、自分の生徒最大1人を選び、次の相手のターンのエンドフェイズまで、+3/+3する。,"[자동] 자신이 샬레 카드를 낼 때, 자신의 학생 1명을 선택한다. 상대의 다음 엔드 페이즈까지, 그 학생은 +3/+3을 얻는다."
C-T-045-T3,[永続]この生徒は、同じエリアに自分の他のカードがある場合、攻撃されない。,"[지속] 이 학생은 자신의 다른 카드가 같은 에어리어에 있다면, 공격받지 않는다."
X-T-046,不屈の意思,불굴의 의지
X-T-046-T1,"自分の生徒最大1人を選び、次の相手ターンのエンドフェイズまで、+0/+Xする。Xの値は、その生徒のLv×3とする。
[EX-COMBO/和泉元エイミ]選んだ生徒と同じエリアの自分の生徒全員のHPをすべて回復し、それらの生徒は、次の相手ターンのエンドフェイズまで、相手のカード効果では退却せず、カード効果によるダメージを受けない。",
X-T-045,実力をお見せしましょう,"후후, 실력을 보여드리죠."
X-T-045-T1,"自分の保健室から、[EX-COMBO/明星ヒマリ]を持たないEXスキルカードか、シャーレカード最大1枚を選び、手札に加える。
[EX-COMBO/明星ヒマリ]『明星ヒマリ』以外の自分の生徒最大1人を選び、次の相手のターンのエンドフェイズまで、+X/+0する。Xの値は、選んだ生徒のAPとする。","자신의 보건실에서 [EX-COMBO / 아케보시 히마리]가 기술되어 있지 않은 EX 스킬 카드 또는 샬레 카드 1장을 선택해 패로 가져온다.
[EX-COMBO / 아케보시 히마리] '아케보시 히마리' 이외의 자신의 학생을 최대 1명까지 선택한다. 그 학생은 상대의 다음 엔드 페이즈까지 +0/+X를 얻는다. X는 선택한 학생의 공격력이다. "
ヴェリタス,ヴェリタス,베리타스
C-T-070,小塗マキ,코누리 마키
C-T-070-T1,この生徒の出撃コストはX少なくなる。Xの値は、自分の<ミレニアム>の数に等しく、コストは0以下にならない。,이 학생의 출격 코스트를 X 감소시킨다. X는 자신의 필드에 있는 '밀레니엄'의 숫자. (최소 1)
C-T-070-T2,[出撃・神秘解放]相手の生徒1人を選ぶ。その生徒は、次の相手のターンのエンドフェイズまで、受けるすべてのダメージがX増える。Xの値は、この生徒のLv×2とする。,"[출격・신비 해방] 상대의 학생 1명을 선택한다. 그 학생은, 상대의 다음 턴 종료 시까지 받는 대미지가 X 증가한다. X는 이 학생의 Lv×2다."
C-T-070-T3,[攻撃・制圧]このカードと同じエリアの相手のカード1つを選び、2ダメージを与える。,[공격] 이 학생과 같은 에어리어에 있는 상대의 학생 또는 설치물을 선택해 2 대미지를 준다.
C-T-071,小鈎ハレ,오마가리 하레
C-T-071-T1,この生徒の出撃コストはX少なくなる。Xの値は、自分の<ミレニアム>の数に等しく、コストは0以下にならない。,이 학생의 출격 코스트를 X 감소시킨다. X는 자신의 필드에 있는 '밀레니엄'의 숫자. (최소 1)
C-T-071-T2,[出撃・神秘解放]《アテナ3号》を1個生成し設置する。,"[출격・신비 해방] '아테나 3호' 1개를 생성한다. 이 '아테나 3호'는 필드를 떠날 경우, 소멸한다."
C-T-071-T3,[攻撃]相手の生徒1人を選ぶ。この生徒が出撃している限り、その生徒は次の相手のターンのエンドフェイズまで、制圧できない。,"[공격] 상대의 학생 1명을 선택한다. 이 학생이 필드에 있는 한, 그 학생은 다음 상대 턴 종료 시까지 제압할 수 없다."
C-T-072,各務チヒロ,카가미 치히로
C-T-072-T1,この生徒の出撃コストはX少なくなる。Xの値は、自分の<ミレニアム>の数に等しく、コストは0以下にならない。,이 학생의 출격 코스트를 X 감소시킨다. X는 자신의 필드에 있는 '밀레니엄'의 숫자. (최소 1)
C-T-072-T2,[出撃・神秘解放]自分のデッキの上から5枚を見て、その中からカード最大2枚を選び、手札に加える。,"[출격・신비 해방] 자신의 덱 위에서 카드 5장을 보고, 그 중 최대 2장을 선택하여 패로 가져온다."
C-T-072-T3,[自分のエンドフェイズ]自分の手札から、現在のコストがX以下の<ミレニアム>を最大1人選び、出撃または神秘解放させる。Xの値は、自分の<ヴェリタス>の種類とする。,[자신의 엔드 페이즈] 자신의 패에서 현재 코스트가 X 이하인 '밀레니엄'을 최대 1장 선택해 출격시키거나 신비 해방한다. X는, 자신의 필드에 있는 '베리타스'의 종류이다.
C-T-072-T4,[永続]相手の生徒全員に-X/+0する。Xの値は、自分の場の、『各務チヒロ』以外の<ヴェリタス>の生徒の種類とする。,[지속] 모든 상대 학생은 -X/-0을 얻는다. X는 자신의 필드에 있는 '카가미 치히로' 이외의 카드명이 서로 다른 '베리타스' 학생의 종류이다.
C-T-073,音瀬コタマ,오토세 코타마
C-T-073-T1,この生徒の出撃コストはX少なくなる。Xの値は、自分の<ミレニアム>の数に等しく、コストは0以下にならない。,이 학생의 출격 코스트는 X 줄어든다. X는 자신의 필드에 있는 '밀레니엄'의 숫자. (최소 1)
C-T-073-T2,[出撃・神秘解放]この生徒と同じエリアの自分の生徒全員に、このターン、+X/+0する。Xの値は、この生徒のLvとする。,"[출격・신비 해방] 이 학생과 같은 에어리어에 있는 모든 자신의 학생들은 이번 턴 동안 +X/+0을 얻는다. X는 이 학생의 Lv이다. "
C-T-073-T3,[自動]相手の生徒が出撃したとき、このターンのエンドフェイズまで、その生徒は制圧できない。,"[자동] 상대의 학생이 출격했을 떄, 이번 턴 동안 그 학생은 제압할 수 없다."
X-T-070,世界をもっと色鮮やかに！,세상을 더 유쾌하게!
X-T-070-T1,"このカードのコストは、自分の保健室にEXスキルカードが3枚以上あれば、自分の<ヴェリタス>の種類だけ少なくなる。ただし、コストは0以下にならない。相手のカード1つを選び、5ダメージを与える。
[EX-COMBO/小塗マキ]このカードの与えるダメージがX増える。Xが7以上の場合、ダメージを与えるかわりに退却させる。Xの値は、自分の保健室にある<ミレニアム>生徒カードまたはEXスキルカードの種類の合計とする。","자신의 보건실에 EX스킬 카드가 3장 이상 있을 경우, 이 카드의 코스트는 X 줄어든다. X는 자신의 필드에 있는 '베리타스' 학생의 숫자. (최소 1)
상대의 카드 1장을 선택한다. 그 학생에게 5 대미지를 준다.
[EX-COMBO / 코누리 마키] 이 카드가 주는 대미지가 X 증가한다. X는 자신의 보건실에 있는 '밀레니엄' 학생 카드와 EX스킬 카드의 숫자. X가 7 이상이라면, 피해를 주는 대신 퇴각시킨다."
X-T-071,EMPドローン展開,EMP 드론 전개
X-T-071-T1,"このカードのコストは、相手の生徒が2人以上ある場合、1コスト少なくなる。《アテナ3号》を2個生成し設置する。
[EX-COMBO/小鈎ハレ]相手のカード1つを選び、そのカードと同じエリアの相手のカードすべてにXダメージを与える。Xの値は、自分の『アテナ3号』の個数とする。","필드에 상대의 학생이 2명 이상 있을 경우, 이 카드의 코스트를 1 감소시킨다.
'아테나 3호'를 2개 생성한다.
[EX-COMBO / 오마가리 하레] 상대의 카드 1장을 선택한다. 그 카드와 같은 에어리어에 있는 모든 상대의 카드에게 X 대미지를 준다. X는 자신의 필드에 있는 '아테나 3호'의 숫자."
X-T-072,オーバーライド,오버라이드
X-T-072-T1,"このカードは、自分の保健室にEXスキルカードが3枚以上ある場合、コストはX少なくなる。Xの値は、自分のカード名の異なる<ヴェリタス>の数に等しく、コストは0以下にならない。相手の生徒最大1人を選び、疲労させる。その生徒のコストが5以上の場合、次の相手のスタンバイフェイズに元気にならず、次の相手ターンのエンドフェイズまで、そのカードの効果を無効にする。
[EX-COMBO/各務チヒロ]自分の保健室の《オーバーライド》以外のEXスキルカード最大1枚を選び、手札に戻す。自分の保健室にEXスキルカードが5枚以上ある場合、カード名の異なる、自分の保健室の<ヴェリタス>または《オーバーライド》以外のEXスキルカードを最大5枚選び、デッキに戻す。","자신의 보건실에 EX스킬 카드가 3장 이상 있을 경우, 이 카드의 코스트는 X 줄어든다. X는 자신의 필드에 있는 '베리타스' 학생의 숫자. (최소 1)
상대 학생을 최대 1명까지 선택한다. 그 학생은 피로 상태가 된다. 그 학생의 코스트가 5 이상이라면, 그 학생은 상대의 다음 스탠바이 페이즈에 액티브 상태가 되지 않으며, 다음 상대 턴의 엔드 페이즈까지 효과가 무효화된다.
[EX-COMBO / 카가미 치히로] 자신의 보건실에서 '오버라이드' 이외의 EX스킬 카드를 최대 1장까지 선택해 패로 가져온다. 자신의 보건실에 EX스킬 카드가 5장 이상 있을 경우, 자신의 보건실에서 서로 카드명이 다른 '베리타스' 혹은 '오버라이드'가 아닌 EX스킬 카드를 최대 5장까지 선택해 덱으로 되돌린다."
X-T-073,傍受開始,감청 개시
X-T-073-T1,"カードを2枚引く。その後、自分の手札1枚を選んで捨てる。
[EX-COMBO/音瀬コタマ]自分の生徒最大1人を選び、このターンのエンドフェイズまで、その生徒と同じエリアの自分の生徒全員に+1/+0する。自分の保健室にEXスキルカードが3枚以上ある場合、このカードのコストは0になる。","카드를 2장 뽑는다. 그 후, 패에서 카드를 1장 버린다.
[EX-COMBO / 오토세 코타마] 자신의 학생 1명을 선택한다. 이번 턴의 엔드 페이즈까지, 그 학생과 같은 에어리어에 있는 모든 학생은 +1/+0을 얻는다. 자신의 보건실에 EX스킬 카드가 3장 이상 있을 경우, 이 카드의 코스트는 0이 된다."
風紀委員会,風紀委員会,
C-T-080,空崎ヒナ,소라사키 히나
C-T-080-T1,自分の保健室に<ゲヘナ>が3枚以上あれば、自分の保健室のカード3枚につき、この生徒の出撃コストを1減らす。ただし、コストは0以下にならない。,"자신의 보건실에 '게헨나'가 3장 이상 있다면, 자신의 보건실에 있는 카드 3장마다 이 학생의 출격 코스트를 1 감소시킨다. (최소 1)"
C-T-080-T2,[出撃・神秘解放]この生徒と同じエリアの相手のカードすべてに3ダメージを与える。,[출격・신비 해방] 이 학생과 같은 에어리어에 있는 상대의 모든 학생과 설치물에게 3 대미지를 준다.
C-T-080-T3,[永続]相手の生徒は制圧できない。,[지속] 상대 학생은 제압할 수 없다.
C-T-081,銀鏡イオリ,시로미 이오리
C-T-081-T1,自分の保健室に生徒カードが8枚以上あり、その中に<ゲヘナ>が4枚以上あれば、この生徒の出撃コストは1になる。,"자신의 보건실에 카드가 8장 이상 있고, 그중 '게헨나'가 4장 이상 있다면, 이 학생의 출격 코스트가 1이 된다."
C-T-081-T2,[出撃・神秘解放]この生徒と同じエリアの相手のカード1つを選び、4ダメージを与える。,"[출격・신비 해방] 이 학생과 같은 에어리어에 있는 상대의 학생 또는 설치물을 선택해 4 대미지를 준다. "
C-T-081-T3,[撃破]この生徒の攻撃によって撃破している場合、自分の保健室から、EXスキルカードを最大1枚まで選び、手札に戻す。,"[격파] 이 학생의 공격으로 격파를 했다면, 자신의 보건실에서 EX 카드를 최대 1장까지 선택해 패로 가져올 수 있다."
C-T-082,天雨アコ,아마우 아코
C-T-082-T1,[出撃・神秘解放]カードを3枚引く。その後、手札から2枚選んで捨てる。,"[출격・신비 해방] 카드를 3장 뽑는다. 그 후, 패에서 카드를 2장 버린다."
C-T-082-T2,[永続]自分の『空崎ヒナ』全員に+2/+2する。,[지속] 자신의 모든 '소라사키 히나'는 +2/+2를 얻는다.
C-T-082-T3,[自動]自分の生徒が攻撃する時、このターン、その生徒に+2/+0する。,"[자동] 자신의 학생이 공격할 때, 이번 턴 동안 그  학생은 +2/+0을 얻는다."
C-T-083,火宮チナツ,히노미야 치나츠
C-T-083-T1,[出撃・神秘解放]自分のデッキの上から4枚を保健室に置く。その後、自分の保健室から<ゲヘナ>を最大1人まで選び、手札に戻す。,"[출격・신비 해방] 자신의 덱 위에서 카드 4장을 보건실로 보낸다. 그 후, 자신의 보건실에서 '게헨나'를 최대 1명까지 선택해 패로 가져올 수 있다."
C-T-083-T2,[永続]自分の<ゲヘナ>が受ける効果ダメージをX減らす。Xの値は、この生徒のLvとする。,[출격・신비 해방] 이 학생과 같은 에어리어에 있는 자신의 모든 학생들은 이번 턴 동안 +X/+0을 얻는다. X는 이 학생의 :Lv이다.
C-T-083-T3,[自分のエンドフェイズ]自分の保健室から、<ゲヘナ>を最大1人まで選んで手札に戻す。,[자신의 엔드 페이즈] 자신의 보건실에서 '게헨나'를 최대 1명까지 선택해 패로 가져올 수 있다.
X-T-080,終幕：イシュ・ボシェテ,종막 : 이스보셋
X-T-080-T1,"場の相手のカードすべてに、7ダメージを与える。
[EX-COMBO/空崎ヒナ]自分の『空崎ヒナ』全員は、次の相手のターンのエンドフェイズまで、自分の保健室のカード3枚につき+1/+1し、効果の影響を無視して制圧できる。","상대의 모든 카드에게 7 대미지를 준다.
[EX-COMBO / 소라사키 히나] 자신의 모든 '소라사키 히나'는 상대의 다음 엔드 페이즈까지 보건실의 카드 3장당 +1/+1을 얻고, '제압할 수 없다' 효과를 무시하고 제압할 수 있다."
X-T-080-T2,[自分のスタンバイフェイズ]自分の手札に<ゲヘナ>が2枚以上あり、場に自分のカードがないとき、このカードが保健室にあれば、自分の最大コスト以下の現在のコストを持つ保健室の『空崎ヒナ』最大1人を選び、出撃させてもよい。そうしたら、その生徒はこのターンのエンドフェイズまで制圧できず、このカードを矯正局に置き、自分の手札から<ゲヘナ>を2枚捨てる。,"[자신의 스탠바이 페이즈] 자신의 패에 '게헨나'가 2장 이상 있고 자신의 필드에 카드가 없다면, 보건실에서 현재 코스트가 자신의 최대 코스트 이하인 '소라사키 히나' 1장을 선택해 출격시킬 수 있다. 출격시켰다면, 그 학생은 이번 턴의 엔드 페이즈까지 제압할 수 없으며, 이 카드를 교정국으로 보내고 패에서 '게헨나' 2장을 버린다."
X-T-081,一網打尽,일망타진
X-T-081-T1,"相手のカード1枚を選び、2ダメージを与える。その後、自分の手札を最大2枚選び、捨ててもよい。1枚以上捨てた場合、その枚数だけ、以下を繰り返す。
・相手のカード1枚を選び、2ダメージを与える。
[EX-COMBO/銀鏡イオリ]ダメージをすべて与えた後、自分の『銀鏡イオリ』最大1人を選び、次の相手のターンのエンドフェイズまで、自分の保健室のカード10枚につき+1/+1し、別のセルに移動させてもよい。","상대의 카드 1장을 선택한다. 그 카드에게 2 대미지를 준다. 그 후, 자신의 패에서 카드를 최대 2장까지 선택해 버릴 수 있다. 1장 이상 버렸다면, 버린 장수만큼 이하의 효과를 반복한다.
・상대의 카드 1장을 선택한다. 그 카드에게 2 대미지를 준다. 
[EX-COMBO / 시로미 이오리] 대미지를 준 후, 자신의 '시로미 이오리'를 최대 1장까지 선택한다. 그 학생을 다른 위치로 이동시킬 수 있다. 그리고 그 학생은 상대의 다음 엔드 페이즈까지 자신의 보건실의 카드 10장당 +1/+1을 얻는다."
X-T-083,偵察データを共有します,정찰의 결과입니다.
X-T-083-T1,"デッキから好きなカード最大1枚を選び、保健室に置く。
[EX-COMBO/天雨アコ]このカードのコストは0になる。自分の生徒最大1人を選び、このターンのエンドフェイズまで、その生徒が与えるすべてのダメージがX増える。Xの値は、選んだ生徒のコストが5以上の場合、その生徒のコストの値とし、それ以外の場合は2とする。","덱에서 카드 1장을 선택한다. 그 카드를 보건실로 보낸다.
[EX-COMBO / 아마우 아코] 이 카드의 코스트가 0이 된다. 자신의 학생을 최대 1명까지 선택한다. 이번 턴의 엔드 페이즈까지, 그 학생이 주는 모든 대미지가 X 증가한다. X는 그 학생의 출격 코스트가 5 이상일 경우 출격 코스트만큼, 미만일 경우 2이다."
X-T-082,戦傷治療,전술 치료 시행
X-T-082-T1,"自分の保健室のカード名の異なる<ゲヘナ>最大2枚を選び、手札に戻す。
[EX-COMBO/火宮チナツ]このカードのコストは1になる。自分の生徒最大1人を選び、次の相手のターンのエンドフェイズまで、+0/+Xする。Xの値は、自分の『火宮チナツ』のLvの合計とする。","자신의 보건실에서 '게헨나'를 최대 2명까지 선택해 패로 가져올 수 있다.
[EX-COMBO / 히노미야 치나츠] 이 카드의 코스트가 1이 된다. 자신의 학생을 최대 1명까지 선택한다. 그 학생은 상대의 다음 엔드 페이즈까지 +0/+X를 얻는다. X는 자신의 '히노미야 치나츠'의 레벨의 합계. "
放課後スイーツ部,放課後スイーツ部,
C-T-066,柚鳥ナツ,유토리 나츠
C-T-066-T1,[出撃・神秘解放]《スイーツ》1個を生成し設置する。,[출격・신비 해방] '디저트' 1개를 생성하여 설치한다.
C-T-066-T2,[攻撃・回復]自分のターンの場合、自分のデッキの上から2枚を見て、その中からカード最大1枚を選び、手札に加える。,"[공격・회복] 자신의 턴일 경우, 자신의 덱 위에서 카드 2장을 보고, 그 중 최대 1장을 선택하여 패로 가져온다."
C-T-066-T3,[永続]この生徒を含む<放課後スイーツ部>全員に+X/+0する。Xの値は、自分の『スイーツ』の個数とする。,[지속] 이 학생을 포함한 모든 '방과후 디저트부' 학생은 +X/+0을 얻는다. X는 자신의 '디저트'의 갯수.
C-T-067,杏山カズサ,쿄야마 카즈사
C-T-067-T1,自分の『栗村アイリ』がある場合、この生徒の出撃コストはX減る。Xの値は、自分のカード名の異なる『スイーツ』と<放課後スイーツ部>の数に等しく、コストは0以下にならない。,"자신의 필드에 '쿠리무라 아이리'가 있다면, 이 학생의 출격 코스트를 X 감소시킨다. X는 내 필드에 있는 서로 카드명이 다른 '디저트'와 '방과후 디저트부'의 숫자. (최소 1)"
C-T-067-T2,[出撃]この生徒は、このターンのエンドフェイズまで制圧できない。自分の『スイーツ』最大1つを選び、退却させてもよい。そうしたら、相手のカード1枚を選び、6ダメージを与える。,"[출격] 이 학생은 이 턴의 엔드 페이즈까지 제압할 수 없다. 자신의 '디저트' 1개를 선택해 퇴각시킬 수 있다. 시켰다면, 상대의 카드 1장을 선택해, 6 대미지를 준다."
C-T-067-T3,[攻撃・回復]この生徒に+2/+2する。この修正は永続する。,"[공격・회복] 이 학생은 영구히 +2/+2를 얻는다. "
C-T-067-T4,[撃破]この生徒の攻撃で撃破している場合、《スイーツ》1個を生成し設置する。,"[격파] 이 학생의 공격으로 격파했다면, '디저트' 1개를 생성하여 설치한다."
C-T-068,栗村アイリ,쿠리무라 아이리
C-T-068-T1,自分の<放課後スイーツ部>または『スイーツ』がある場合、この生徒の出撃コストは1少なくなる。,"자신의 필드에 '방과후 디저트부' 또는 '디저트'가 있다면, 이 학생의 출격 코스트를 1 감소시킨다."
C-T-068-T2,[出撃・神秘解放]自分のデッキから、自分の場の<トリニティ>でEX-COMBOを満たすEXスキルカード最大1枚を選び、手札に加えてもよい。そうしなければ、自分の保健室から、[EX-COMBO/栗村アイリ]を持つEXスキルカード最大1枚を選び、手札に加える。,"[출격・신비 해방] 자신의 덱에서, 자신의 필드에 있는 '트리니티' 학생과 EX-COMBO 조건을 만족시키는 스킬 카드를 최대 1장까지 선택해 패로 가져올 수 있다. 그렇게 하지 안핬다면, 자신의 보건실에서  [EX-COMBO / 쿠리무라 아이리] 효과를 가진 EX 스킬 카드를 최대 1장까지 선택해 패로 가져온다."
C-T-068-T3,[攻撃・回復]自分のターンの場合、相手の生徒最大1人を選び、その生徒は、次の相手のスタンバイフェイズに元気にならない。,"[공격・회복] 자신의 턴이라면 상대 학생을 최대 1장까지 선택한다. 그 학생은, 상대의 상대의 다음 스탠바이 페이즈에 액티브 상태가 되지 않는다."
C-T-068-T4,[永続]自分の<トリニティ>全員が与える戦闘ダメージをX増やす。Xの値は、自分の『スイーツ』の個数とする。,자신의 모든 '트리니티' 학생이 주는 전투 대미지에 +X를 한다. X는 자신의 '디저트' 갯수.
C-T-069,伊原木ヨシミ,이바라기 요시미
C-T-069-T1,自分の『スイーツ』がある場合、この生徒の出撃コストは1少なくなる。,"자신의 필드에 '디저트'가 있다면, 이 학생의 출격 코스트를 1 감소시킨다."
C-T-069-T2,[出撃・神秘解放]この生徒と同じエリアの相手のカード1つを選び、Xダメージを与える。Xの値は、この生徒と同じエリアの『スイーツ』の個数+2とする。,"[출격・신비 해방] 이 학생과 같은 에어리어에 있는 상대의 카드 1장을 선택해, X 대미지를 준다. X는 이 학생과 같은 에어리어에 있는 '디저트' 갯수+2."
C-T-069-T3,[攻撃・回復]自分のターンの場合、この生徒と同じエリアの相手の生徒最大1人を選び、疲労させる。,[공격・회복] 이 학생과 같은 에어리어에 있는 상대의 학생 1명을 선택할 수 있다. 그 학생은 피로 상태가 된다.
C-T-069-T4,[撃破]この生徒の攻撃で撃破している場合、コストを1回復し、自分のデッキから『スイーツ』最大1枚を選び、手札に加える。,"[격파] 이 학생의 공격으로 격파했다면, 자신의 덱에서 '디저트'를 최대 1장까지 선택해 패로 가져온다."
X-T-066,こういう時のとっておき,비장의 수단
X-T-066-T1,"《スイーツ》1個を生成し設置する。
[EX-COMBO/柚鳥ナツ]自分の生徒最大1人を選び、HPをすべて回復し、このターンのエンドフェイズまで、その生徒は効果の影響を無視して制圧できる。","디저트' 1개를 생성하여 설치한다.
[EX-COMBO / 유토리 나츠] 자신의 학생을 최대 1명까지 선택한다. 그 학생의 HP를 최대치까지 회복시킨다. 그 학생은 이번 턴의 엔드 페이즈까지 '제압할 수 없다' 효과를 무시하고 제압할 수 있다."
X-T-067,スイート・ファイア,달콤한 포화
X-T-067-T1,"相手の生徒最大1人を選び、4ダメージを与える。自分の『スイーツ』最大1つを選び、退却させてもよい。そうしたら、自分の手札から、『杏山カズサ』最大1人を選び、出撃または神秘解放させる。
[EX-COMBO/杏山カズサ]このカードのコストはX少なくなる。自分の『杏山カズサ』全員を元気にする。(攻撃権は得られない。)このカードの効果で自分の『スイーツ』を退却させている場合、自分の『杏山カズサ』最大1人を選び、別のセルに移動させてもよい。Xの値は、自分の『スイーツ』の数とする。","상대의  학생 1명을 선택한다. 그 학생에게 4 대미지를 준다. 자신의 '디저트'를 최대 1가까지 선택해, 퇴각시킬 수 있다. 퇴각시켰다면, 자신의 패에서 '쿄야마 카즈사' 1장을 출격시키거나 신비 해방한다.
[EX-COMBO/쿄야마 카즈사] 이 카드의 코스트를 X 감소시킨다. 자신의 모든 '쿄야마 카즈사'를 액티브 상태로 만든다. (공격권은 회복되지 않음) 이 카드의 효과로 자신의 '디저트'를 퇴각시켰다면, 자신의 '쿄야마 카즈사'를 최대 1명까지 다른 위치로 이동시킬 수 있다. X는 자신의 '디저트'의 숫자."
X-T-068,勿体ないけど……えぇいっ！,"아깝지만, 에잇!"
X-T-068-T1,"《スイーツ》2個を生成し設置する。
[EX-COMBO/栗村アイリ]このカードのコストは1になる。自分の『スイーツ』いずれかと同じエリアの相手の生徒全員は、次の相手のターンのエンドフェイズまで移動コストが1増える。","디저트' 2개를 생성하여 설치한다.
[EX-COMBO / 쿠리무라 아이리] 이 카드의 코스트가 1이 된다. 자신의 '디저트'와 같은 에어리어에 있는 상대의 모든 학생은 상대의 다음 엔드 페이즈까지 이동 코스트가 1 증가한다."
X-T-069,だ、誰が慌ててるって！？,"누, 누가 당황할 줄 알고?"
X-T-069-T1,"相手のカード1つを選び、そのカードと同じエリアの相手のカードすべてに2ダメージを与える。
[EX-COMBO/伊原木ヨシミ]このカードのコストは1になる。選んだ生徒と同じエリアに自分の『スイーツ』がある場合、その生徒を疲労させる。","상대의 카드 1장을 선택한다. 그 학생과 같은 에어리어에 있는 상대의 모든 카드에게 2 대미지를 준다.
[EX-COMBO / 이바라기 요시미] 이 카드의 코스트가 1이 된다. 선택한 학생과 같은 에어리어에 자신의 '디저트'가 있다면, 그 학생은 피로 상태가 된다."
トリニティ自警団,トリニティ自警団,트리니티 자경단
C-T-074,守月スズミ,모리즈키 스즈미
C-T-074-T1,[出撃・神秘解放]自分のデッキから、自分の場か保健室の<トリニティ>でEX-COMBOを満たすEXスキルカードを最大1枚選び、手札に加える。,[출격・신비 해방] 자신의 덱에서 자신의 필드 또는 보건실의 '트리니티' 학생과 EX-COMBO 조건을 만족시키는 EX 스킬 카드를 최대 1장까지 선택해 패로 가져온다.
C-T-074-T2,[自動]自分の<トリニティ自警団>が攻撃する時、相手の生徒最大1人を選び、その生徒が疲労している場合、Xダメージを与え、それ以外の場合、疲労させる。Xの値は、この生徒のLv×2とする。,"[자동] 자신의 '트리니티 자경단'이 공격할 경우, 상대 학생을 최대 1장까지 선택한다. 그 학생이 피로 상태가 아니라면, 피로 상태로 만든다. 그 학생이 피로 상태라면, X 대미지를 준다. X는 이 학생의 Lv×2이다."
C-T-074-T3,[永続]自分の<トリニティ>全員は相手のカード効果で疲労しない。,[지속] 자신의 모든 '트리니티' 학생은 상대의 효과에 인해선 피로 상태가 되지 않는다.
C-T-075,宇沢レイサ,우자와 레이사
C-T-075-T1,『杏山カズサ』または自分の<トリニティ自警団>があり、自分の生徒の数が相手より少ない場合、この生徒の出撃コストは0になる。,"필드에 '쿄야마 카즈사' 또는 자신의 '트리니티 자경단'이 있고, 자신의 학생 숫자가 상대의 학생 숫자보다 적을 경우, 이 학생의 출격 코스트는 0이 된다."
C-T-075-T2,[出撃・神秘解放]相手の生徒を1人選び、疲労させる。,[출격・신비 해방] 상대의 학생 1명을 선택한다. 그 학생은 피로 상태가 된다.
C-T-075-T3,[永続]自分の他の<トリニティ>がある場合、この生徒は存在感を得る。自分の他の<トリニティ自警団>がある場合、この生徒は警戒を得る。(存在感：[永続]相手はカードの効果で相手の存在感を持つカードを選べる場合、そのいずれかのカードを選ばなければならない。),"[지속] 자신의 필드에 다른 '트리니티' 학생이 있다면, 이 학생은 '존재감'을 얻는다. 필드에 자신의 다른 '트리니티 자경단' 학생이 있다면, 이 학생은 '경계'를 얻는다. (존재감 : [지속] 상대가 효과의 대상을 선택할 때, '존재감'을 가진 학생을 대상으로 선택할 수 있다면, 그 학생을 대상으로 선택해야만 한다.)"
C-T-075-T4,[回復]自分のターンの場合、このカードに+0/+1し、このカードは元気になる。(攻撃権は得られない。),"[회복] 자신의 턴일 경우, 이 카드는 +0/+1을 얻고, 액티브 상태가 된다."
X-T-074,オーダーメイド閃光弾,사제 섬광탄
X-T-074-T1,"相手のカード最大1つを選び、そのカードと同じエリアの相手のカードすべてに1ダメージを与える。
[EX-COMBO/守月スズミ]このカードのコストは0になる。選んだ生徒を疲労させ、その生徒と同じエリアの相手の生徒全員は、次の相手のスタンバイフェイズに元気にならない。","상대의 카드 1장을 선택한다. 그 카드와 같은 에어리어에 있는 상대의 모든 카드에게 1 대미지를 준다.
[EX-COMBO / 모리즈키 스즈미] 이 카드의 코스트가 0이 된다. 선택한 학생을 피로 상태로 만들고, 그 학생과 같은 에어리어에 있는 모든 학생들은 상대의 다음 스탠바이 페이즈에 액티브 상태가 되지 않는다."
X-T-075,挑戦状を受け取ってください！,도전장을 받으세요!
X-T-075-T1,"相手のカード1つを選び、そのカードと同じエリアの相手のカードすべてに1ダメージを与える。
[EX-COMBO/宇沢レイサ]自分の『宇沢レイサ』全員のHPを1回復し、次の相手のターンのエンドフェイズまで、""[永続]相手の生徒は制圧できない。""を与える。2回、以下を繰り返す。
・自分の『宇沢レイサ』全員のHPを1回復する。相手のカード1つを選び、そのカードと同じエリアの相手のカードすべてに1ダメージを与える。","상대의 카드 1장을 선택한다. 그 카드와 같은 에어리어에 있는 상대의 모든 카드에게 1 대미지를 준다.
[EX-COMBO / 우자와 레이사] 상대의 다음 엔드 페이즈까지 자신의 모든 '우자와 레이사'는 [지속] 상대의 학생은 제압할 수 없다. 를 얻고, 이하의 효과를 2회 반복한다.
상대의 카드 1장을 선택한다. 그 카드와 같은 에어리어에 있는 상대의 모든 카드에게 1 대미지를 준다."
シャーレ,シャーレ,샬레
S-T-006,時計じかけの花のパヴァーヌ,태엽감는 꽃의 파반느
S-T-006-T1,"自分の<ゲーム開発部>が2人以上ある場合にプレイできる。
デッキから『天童アリス』を1人出撃または神秘開放させる。デッキから[EX-COMBO/天童アリス]を持つEXスキルカードを1枚手札に加える。","자신의 '게임개발부' 학생이 2명 이상 필드에 있어야만 이 카드를 낼 수 있다.
덱에서 '텐도 아리스' 1장을 출격시킨다. (이미 필드에 있다면, 신비 해방을 한다.)
덱에서 '밸런스 붕괴' 1장을 패로 가져온다."
S-T-001,私の大切なお姫様に何してるの！,감히 내 소중한 공주님에게 무슨 짓이냐아아-!!
S-T-001-T1,保健室から生徒カードを1枚選ぶ。選んだカードと名前の同じ生徒カードを好きな枚数選び、手札に戻してもよい。,"보건실에서 학생 1명을 선택하고, 그 학생과 같은 이름의 학생을 원하는 만큼 패로 가져올 수 있다."
S-T-010,私たちの、青春の物語を,청춘과 학원의 이야기를
S-T-010-T1,"自分の『阿慈谷ヒフミ』『白洲アズサ』『下江コハル』『浦和ハナコ』がすべて出撃している場合にプレイできる。
このターンの後に追加のターンを行う。このカードを矯正局に置く。","자신의 '아지타니 히후미', '시라스 아즈사','시모에 코하루', '우라와 하나코' 모두가 필드에 있어야만 이 카드를 낼 수 있다.
이번 턴이 끝난 뒤 추가 턴을 얻는다.
이 카드를 교정국으로 보낸다."
S-T-013,光の剣:アトラ・ハシースのスーパーノヴァ,빛의 검 : 아트라하시스의 슈퍼노바
S-T-013-T1,"自分の元気で制圧できる『天童アリス』と、その生徒以外の<ミレニアム>の生徒が出撃している場合にプレイできる。
相手のカードすべてに10ダメージを与える。自分の『天童アリス』全員を疲労させる。(攻撃権も失う。)","자신의 액티브 상태인 '텐도 아리스'와 다른 '밀레니엄' 학생이 필드에 있어야만 이 카드를 낼 수 있다.
상대의 모든 학생과 설치물에게 10 대미지를 준다.
자신의 '텐도 아리스'는 피로 상태가 된다."
S-T-004,クラフトチェンバー/ジェネレート,크래프트 챔버 / 물질 생성
S-T-004-T1,カードを3枚引く。,카드를 3장 뽑는다.
S-T-012,失ったもの、手放さなかったもの,잃은 것과 놓지 않은 것
S-T-012-T1,"自分の『小鳥遊ホシノ』が出撃している場合、次の相手のターンのエンドフェイズまで、自分の<アビドス>全員は効果によるダメージを受けない。
自分の『砂狼シロコ』が出撃している場合、次の相手のターンのエンドフェイズまで、自分の<アビドス>全員に+2/+2する。
自分の『十六夜ノノミ』が出撃している場合、カードを3枚引き、手札から1枚選んで捨てる。
自分の『奥空アヤネ』が出撃している場合、自分の<アビドス>全員のHPをすべて回復する。
自分の『黒見セリカ』が出撃している場合、次の相手のターンのエンドフェイズまで、自分の<アビドス>全員は警戒を得る。
(いずれの効果も、このカードをプレイした後に出撃した生徒には影響しない。)","자신의 '타카나시 호시노'가 필드에 있을 경우, 다음 상대 턴 종료 시까지 자신의 모든 '아비도스' 학생들은 효과 대미지를 받지 않는다.
자신의 '스나오오카미 시로코'가 필드에 있을 경우, 다음 상대 턴 종료 시까지 자신의 모든 '아비도스' 학생들은 +2/+2를 얻는다.
자신의 '이자요이 노노미'가 필드에 있을 경우, 카드를 3장 뽑고, 패에서 카드를 1장 선택해서 버린다.
자신의 '오쿠소라 아야네'가 필드에 있을 경우, 자신의 모든 '아비도스' 학생들의 HP를 최대치까지 회복시킨다.
자신의 '쿠로미 세리카'가 필드에 있을 경우, 이 턴의 엔드 페이즈에 자신의 모든 '아비도스' 학생들을 액티브 상태로 만든다.
(이 카드를 발동한 후 필드에 출격한 학생은 효과를 적용받지 못한다.)"
S-T-007,イタズラ☆ストレート,장난스런☆스트레이트
S-T-007-T1,デッキから学校と名前の異なる生徒を最大4枚まで選び、手札に加える。ただし、<ミレニアム>の生徒は最大2枚まで選んでよい。,"덱에서 학교와 이름이 다른 학생을 4명까지 선택해 패로 가져온다. 단, '밀레니엄' 학생은 2명까지 선택할 수 있다."
S-T-011,アウトローの流儀,무법자의 길
S-T-011-T1,"自分の<便利屋68>がある場合にプレイできる。
自分の保健室から、<便利屋68>を最大1枚選び、出撃または神秘解放させる。","자신의 '흥신소 68' 학생이 필드에 있고, 자신의 보건실에 '흥신소 68' 학생이 1명 이상 있어야만 이 카드를 낼 수 있다.
자신의 보건실에서 '흥신소 68' 학생 1명을 선택해 출격시키거나 신비 해방한다."
S-T-002,Unwelcome School,Unwelcome School
S-T-002-T1,デッキから同じ部活でカード名の異なる生徒を1枚ずつ、最大5枚まで手札に加えてよい。,덱에서 같은 동아리 소속에 카드명이 다른 학생을 각 1장씩 최대 5장까지 선택해 패로 가져온다.
S-T-014,クラフトチェンバー/テイラーメイド,크래프트 챔버 / 물질 합성
S-T-014-T1,デッキから好きなカード最大1枚を選び、手札に加える。,자신의 덱에서 카드를 1장 선택하여 패로 가져온다.
S-T-015,Vanitas Vanitatum,Vanitas Vanitatum
S-T-015-T1,"このカードをプレイしたときの自分の矯正局のカード3枚につき1回、以下の処理を行う。
・自分の矯正局から<アリウススクワッド>最大1人を選んで出撃または神秘解放させる。","이 카드를 낼 때 자신의 교정국에 있는 카드 3장마다 이하의 효과를 1회 처리한다.
자신의 교정국에서 '아리우스 스쿼드' 1명을 선택하여 출격시키거나 신비 해방한다."
S-T-016,あまねく奇跡の始発点,그리고 모든 기적이 시작되는 곳
S-T-016-T1,"このカードは、自分の『アロナ』と『プラナ』がある場合にプレイできる。
自分のデッキをシャッフルした後、上から3枚を見る。その中にあるカード1枚を選び、それ以外のカードとデッキをシャッフルする。その後、選んだカードをプレイ条件を無視してプレイする。","자신의 '아로나'와 '프라나'가 필드에 있어야만 이 카드를 낼 수 있다.
덱을 셔플한 뒤, 자신의 덱 위에서 카드 3장을 보고, 그중 1장을 선택한다. 다른 두 장을 덱에 넣고 섞은 뒤, 선택한 카드의 발동 조건을 무시하고 그 카드를 낸다."
S-T-017,みんなのための――,모두를 위한
S-T-017-T1,自分の手札を好きな枚数選び、デッキに戻してシャッフルする。その後、こうしてデッキに戻した枚数に2を加えた枚数、カードを引く。自分の<セミナー>がある場合、自分の手札から、現在のコストがX以下の<セミナー>最大1人を選び、出撃または神秘解放させる。Xの値は、相手の生徒が2人以上ある場合、自分の最大コスト+1とし、それ以外の場合、自分の最大コストとする。,"자신의 패에서 카드를 원하는 만큼 선택해 덱으로 되돌린 뒤, 덱을 셔플한다. 그 후, 되돌린 숫자에 2을 더한 만큼 카드를 뽑는다.
자신의 필드에 '세미나'가 있다면, 패에서 현재 코스트가 자신의 최대 코스트 + 1 이하인 '세미나' 1장을 선택해 출격 또는 신비 해방한다."
S-T-018,書記の採決,서기의 결단
S-T-018-T1,自分のデッキから生徒カードかEXスキルカード最大1枚を選ぶか、EX-COMBOを満たす組み合わせになるように生徒カードとEXスキルカードを最大1枚ずつ選び、手札に加える。自分のデッキから、カード1枚を選び、そのカード以外のデッキをシャッフルしたあと、選んだカードをデッキの一番上に置く。,"자신의 덱에서 학생 카드 또는 EX 스킬 카드 1장을 선택하거나, EX-COMBO 조건을 만족시키는 조합이 되도록 학생과 EX 스킬 카드를 각각 1장씩 선택해 패로 가져온다. 그 후, 다시 덱에서 카드 1장을 선택하고 덱을 섞은 뒤, 선택한 카드를 덱 맨 위에 놓는다."
S-T-019,Pixel Time,Pixel Time
S-T-019-T1,自分の<ゲーム開発部>がある場合にプレイできる。自分の手札から<ゲーム開発部>1人を選び、出撃または神秘解放させる。自分の保健室の<ゲーム開発部>をすべてデッキに戻し、自分の場の<ゲーム開発部>全員に1回ずつ、同名カードをデッキから神秘解放する。自分のデッキから《時計じかけの花のパヴァーヌ》最大1枚を手札に加えてもよい。そうしなければ、自分の『花岡ユズ』『才羽ミドリ』『才羽モモイ』が全員出撃している場合、自分の手札から、《時計じかけの花のパヴァーヌ》最大1枚を選び、プレイしてもよい。,"자신의 '게임개발부'가 필드에 있어야만 이 카드를 낼 수 있다. 자신의 패에서 '게임개발부' 1명을 출격시키거나 신비 해방한다. 자신의 보건실에 있는 모든 '게임개발부'를 덱으로 되돌리고, 자신의 필드에 있는 모든 '게임개발부'들은 덱에서 같은 이름의 카드를 각각 1장씩 선택해 신비 해방한다. 자신의 덱에서 '태엽감는 꽃의 파반느'를 최대 1장까지 패로 가져올 수 있다. 가져오지 않았다면, 자신의 '하나오카 유즈', '사이바 미도리', '사이바 모모이'가 필드에 있을 경우, 자신의 패에서 '태엽감는 꽃의 파반느'를 최대 1장까지 선택해 낼 수 있다"
S-T-020,風紀委員会の奮迅,선도부의 분투
S-T-020-T1,自分の<ゲヘナ>がある場合にプレイできる。自分のデッキから、カード名の異なる<ゲヘナ>を最大5枚まで選び、保健室に置く。,"자신의 '게헨나'가 필드에 있어야만 이 카드를 낼 수 있다. 자신의 덱에서 카드명이 다른 '게헨나' 학생을 최대 5명까지 선택해, 보건실로 보낸다."
S-T-021,あたたかなもの,따뜻한 것
S-T-021-T1,自分の<アビドス>がある場合にプレイできる。自分の保健室から、<アビドス>最大1人を選んで手札に戻し、手札からコストが4の<アビドス>最大1人を出撃または神秘解放する。その後、自分の場の<アビドス>でEX-COMBOを満たすEXスキルカードを自分の保健室から1枚選び、手札に加える。自分の保健室から、《失ったもの、手放さなかったもの》最大1枚を選び、ブレイする。そのカードは、プレイしたあと、矯正局に置かれる。,"자신의 '아비도스'가 필드에 있어야만 이 카드를 낼 수 있다. 자신의 보건실에서 '아비도스'를 최대 1장까지 선택해 패로 가져온 뒤, 패에서 코스트가 4 이하인 '아비도스'를 최대 1명까지 출격시키거나 신비 해방한다. 그 후, 자신의 필드에 있는 '아비도스' 학생과 EX-COMBO 조건을 만족시키는 EX 스킬 카드를 보건실에서 최대 1장까지 선택해 패로 가져온다. 자신의 보건실에서 '잃은 것과 놓지 않은 것'을 1장 선택해 낼 수 있다. 그 카드는 발동된 뒤 교정국으로 보내진다."
S-T-023,幕間の夜に,
S-T-023-T1,"自分のカードが相手未満の場合にプレイできる。
自分の手札から、自分の生徒いずれかと同じ部活を含む生徒を最大1人選び、出撃させる。自分の保健室のカード4枚につき1回、以下の処理を行う。
・自分の保健室から生徒を最大1人選び、神秘解放させる。",
S-T-025,カンストガチ勢が仲間になりました！,만렙 고인물이 동료로 합류했습니다!
S-T-025-T1,自分のデッキから、それぞれカード名の異なる、異なる部活の生徒カード2枚とカード2枚を選ぶ。最初に選んだ生徒カード2枚を手札に加え、最後に選んだカード2枚を保健室に置く。その後、自分の保健室から『天童アリス』最大1枚を選び、神秘解放させる。このターンのエンドフェイズまで、自分のカードが効果によって与えるダメージを1増やす。,"자신의 덱에서 각각 카드명이 다르고 동아리가 다른 학생 카드 2장과, 카드 2장을 선택한다. 먼저 선택한 2장을 패로 가져오고, 나중에 선택한 2장을 보건실로 보낸다. 그 후, 자신의 보건실에서 '텐도 아리스' 1장을 선택해 신비 해방한다. 이번 턴의 엔드 페이즈까지 자신이 주는 효과 대미지가 1 증가한다."
S-T-022,本船の導き手,배의 인도자
S-T-022-T1,自分のデッキから、カード名の異なるEXスキルカード最大2枚を選び、保健室に置く。このカードの効果で保健室に置いたカードのEX-COMBOを満たす、カード名の異なる生徒カード最大2枚を自分のデッキから選び、手札に加える。または、保健室にEXスキルカードが5種以上ある場合、保健室のEXスキルカードのEX-COMBOを満たす、カード名の異なる生徒カード最大2枚を自分のデッキから選び、手札に加える。その後、保健室のEXスキルカードが3種類以上ある場合、自分の場または保健室の<ミレニアム>でEX-COMBOを満たす、保健室のEXスキルカードの種類以下のコストを持つ、自分の保健室のEXスキルカードを最大1枚選び、プレイする。,"자신의 덱에서 서로 카드명이 다른 EX스킬 카드를 2장까지 선택해 보건실로 보내고, 그 카드와 EX-COMBO 조건을 만족시키는 서로 카드명이 다른 학생 카드를 덱에서 패로 가져온다. 또는 보건실에 EX스킬 카드가 5장 이상 있을 경우, 보건실의 EX스킬 카드와 EX-COMBO 조건을 만족시키는 서로 카드명이 다른 학생 카드를 덱에서 패로 가져온다.
그 후, 보건실에 EX스킬 카드가 3종류 이상 있을 경우, 자신의 필드 또는 보건실의 학생과 EX-COMBO 조건을 만족시키는 경우, 보건실에서 코스트가 X 이하인 EX스킬 카드 1장을 선택해 플레이한다. X는 자신의 보건실의 EX스킬 카드의 종류 갯수."
遮蔽物,遮蔽物,설치물
D-T-003,ペロロ人形,페로로 인형
D-T-004,アテナ3号,아테나 3호
D-T-004-T0,(このカードはルール上、<ミレニアム>、<ヴェリタス>所属として扱う。),"(이 카드는 '밀레니엄', '베리타스' 소속으로 취급한다.)"
D-T-004-T1,[永続]自分の『小鈎ハレ』全員が与える戦闘ダメージを1増やす。,[지속] 자신의 모든 '오마가리 하레'가 주는 전투 대미지에 +1을 한다.
D-T-004-T2,[永続]このカードと同じエリアの自分の『小鈎ハレ』全員は、相手のカードの挑発を無視して攻撃できる。,[지속] 이 카드와 같은 에어리어에 있는 모든 '오마기리 하레'는 상대의 도발을 무시하고 공격할 수 있다.
D-T-005,スイーツ,디저트
D-T-005-T0,(このカードはルール上、<食べ物>所属として扱う。),(이 카드는 '음식물' 소속으로 취급한다.)
D-T-005-T1,[永続]このカードと同じエリアに生徒がある場合、このカードは効果ダメージを受けない。,"[지속] 이 카드와 같은 에어리어에 학생이 있다면, 이 카드는 효과 대미지를 받지 않는다."
D-T-005-T2,[自分のエンドフェイズ]このカードと同じエリアの自分の生徒最大1人を選び、その生徒と同じエリアの自分の生徒全員のHPをX回復する。生徒を選んだ場合、このカードのHPを1減らす。Xの値は、選んだ生徒と同じエリアの自分の生徒の人数とする。,"[자신의 엔드 페이즈] 자신의 학생을 최대 1명까지 선택할 수 있다. 그 학생과 같은 에어리어에 있는 자신의 모든 학생의 HP를 X 회복시킨다. 학생을 선택했다면, 이 카드의 HP를 1 줄인다. X는 선택한 학생과 같은 에어리어에 있는 자신의 학생의 숫자."
キーワード能力,キーワード能力,키워드 효과
K-001-Shot,挑発,도발
K-001-Full,挑発([永続]このカードと同じエリアの相手生徒は、元気で挑発を持つ同じエリアの相手のカードがいる場合、そのいずれかのカードしか攻撃できない。),"도발 ([지속] 학생은 같은 에어리어에 도발 능력을 가진 액티브 상태의 상대의 카드가 있을 경우, 도발 능력을 가진 카드만을 공격할 수 있다.)"
K-002-Shot,警戒,경계
K-002-Full,警戒([永続]このカードは自分のエンドフェイズに元気になる。),경계([지속] 이 카드는 자신의 엔드페이즈에 액티브 상태가 된다.)
K-003,[永続]相手の生徒は、出撃したターン中、制圧できない。(この生徒が場を離れると制圧できるようになる。),"[지속] 상대 학생들은 출격한 턴에 제압할 수 없다. (이 학생이 필드에서 벗어난다면, 제압할 수 있게 된다.)"
K-004,効果なし,효과 없음
K-005,[自動]相手の生徒が出撃したとき、このターン、その生徒は制圧できない。,"[자동] 상대의 학생이 출격했을 때, 이번 턴 동안 그 학생은 제압할 수 없다."
K-006-Shot,存在感,존재감
K-006-Full,存在感([永続]相手はカードの効果で存在感を持つカードを選べる場合、そのいずれかのカードを選ばなければならない。),"존재감([지속] 상대가 효과의 대상을 선택할 때, '존재감'을 가진 학생을 대상으로 선택할 수 있다면, 그 학생을 대상으로 선택해야만 한다.)"
付与能力,付与能力,
A-001,[永続]相手の生徒は制圧できない。,[지속] 상대 학생은 제압할 수 없다.
CardEND,CardEND,CardEND